{
	"first_lineitem_filter": {
		"input": [ "lineitem0.1.csv" ],
		"output": [ null ],
		"operation": "kFilter",
		"previous_nodes": [ null ],
		"next_nodes": [ "lineitem_part_multiplication" ],
		"operation_parameters": {
			"input_stream_params": [
				[ 4, 5, -1, -1, 6, 7, 8, 9, 14 ],
				[ 0, 0, 0, 0, 3, 3, 3, 3, 1, 1, 4, 4, 4, 1, 1, 1 ],
				[ 1, 1, 1, 1, 1, 1, 1, 1, 4, 4, 1, 1, 1, 28, 12, 44 ],
				[]
			],
			"output_stream_params": [
				[],
				[ 3, 2, 3, 3, 4 ],
				[ 1, 2, 1, 1, 1 ],
				[ 1 ]
			],
			"operation_params": [
				[ 0, 14, 1 ],
				[ 0 ],
				[ 2400 ],
				[],
				[ 0 ],

				[ 0, 15, 1 ],
				[ 2 ],
				[ 0 ],
				[],
				[ 0 ],

				[ 0, 8, 2 ],
				[ 3 ],
				[ 5 ],
				[],
				[ 0 ],
				[ 1 ],
				[ 7 ],
				[],
				[ 0 ],

				[ 0, 9, 1 ],
				[ 2 ],
				[ 0 ],
				[],
				[ 0 ],

				[ 0, 7, 2 ],
				[ 3 ],
				[ 19940101 ],
				[],
				[ 0 ],
				[ 0 ],
				[ 19950101 ],
				[],
				[ 0 ]
			]
		}
	},
	"lineitem_part_multiplication": {
		"input": [ null ],
		"output": [ null ],
		"operation": "kMultiplication",
		"previous_nodes": [ "first_lineitem_filter" ],
		"next_nodes": [ "lineitem_part_aggregate" ],
		"operation_parameters": {
			"input_stream_params": [
				[],
				[ 3, 2, 3, 3, 4 ],
				[ 1, 2, 1, 1, 1 ],
				[]
			],
			"output_stream_params": [
				[],
				[ 3, 2, 3, 3, 4 ],
				[ 1, 2, 1, 1, 1 ],
				[ 1 ]
			],
			"operation_params": [
				[ 0, 0, 0, 1, 0, 0, 0, 0, 0 ]
			]
		}
	},
	"lineitem_part_aggregate": {
		"input": [ null ],
		"output": [ null ],
		"operation": "kAggregationSum",
		"previous_nodes": [ "lineitem_part_multiplication" ],
		"next_nodes": [ null ],
		"operation_parameters": {
			"input_stream_params": [
				[],
				[ 3, 2, 3, 3, 4 ],
				[ 1, 2, 1, 1, 1 ],
				[]
			],
			"output_stream_params": [
				[ 4, 5 ],
				[ 3 ],
				[ 1 ],
				[ 1 ]
			],
			"operation_params": [
				[ 0 ],
				[ 2 ]
			]
		}
	}
}