{
	"first_lineitem_filter": {
		"input": ["lineitem0.01.csv"],
		"output": [null],
		"operation": "kFilter",
		"previous_nodes": [null],
		"next_nodes": ["lineitem_linear_sort"],
		"operation_parameters": {
			"input_stream_params": [
				[1, 4, 5, 6, 7, 8, 9, -1, -1, -1, -1, -1, -1, -1, -1, -1, 17, 18, 19, 20, 21, 22, 23, 24, 25, 26],
				[0, 0, 0, 0, 3, 3, 3, 3, 1, 1, 4, 4, 4, 1, 1, 1],
				[1, 1, 1, 1, 1, 1, 1, 1, 4, 4, 1, 1, 1, 28, 12, 44],
				[]
			],
			"output_stream_params": [
				[],
				[0, 3, 3, 3, 2, 1, 1],
				[1, 1, 1, 1, 9, 28, 12],
				[2]
			],
			"operation_params": [
				[0, 13, 2],
				[1],
				[3000],
				[],
				[0, 1, 2, 3],
				[3],
				[100],
				[1, 0, 1, 0],
				[0, 1, 2, 3],

				[0, 14, 2],
				[2],
				[0],
				[],
				[0, 1, 2, 3],
				[4],
				[1],
				[0, 1, 0, 1],
				[0, 1, 2, 3],

				[1, 8, 2],
				[2],
				["AIR REG", 3],
				[1, 1, 0, 0],
				[0, 1, 2, 3],
				[2],
				["AIR", 3],
				[0, 0, 1, 1],
				[0, 1, 2, 3],

				[1, 15, 1],
				[2],
				["DELIVER IN PERSON", 7],
				[],
				[0, 1, 2, 3]
			]
		}
	},
	"lineitem_linear_sort": {
		"input": [null],
		"output": [ "lineitem_sf0_01_linear_sort.csv" ],
		"operation": "kLinearSort",
		"previous_nodes": ["first_lineitem_filter"],
		"next_nodes": [ null],
		"operation_parameters": {
			"input_stream_params": [
				[],
				[0, 3, 3, 3, 2, 1, 1],
				[1, 1, 1, 1, 9, 28, 12],
				[]
			],
			"output_stream_params": [
				[ 0, 1, 2, 3, 4, 5, 6 ],
				[0, 3, 3, 3],
				[1, 1, 1, 1],
				[2]
			],
			"operation_params": [
				[]
			]
		}
	}
}