{
	"q17_lineitem_linear_sort": {
		"input": [ "lineitem1.csv" ],
		"output": [ null ],
		"operation": "kLinearSort",
		"previous_nodes": [ null ],
		"next_nodes": [ "q17_lineitem_linear_merge_sort" ],
		"operation_parameters": {
			"input_stream_params": [
				[ 1, -1, 4, 5, 6, 7 ],
				[ 0, 0, 0, 0, 3, 3, 3, 3, 1, 1, 4, 4, 4, 1, 1, 1 ],
				[ 1, 1, 1, 1, 1, 1, 1, 1, 4, 4, 1, 1, 1, 28, 12, 44 ],
				[]
			],
			"output_stream_params": [
				[],
				[ 0, 2, 3, 3 ],
				[ 1, 1, 1, 1 ],
				[ 2 ]
			],
			"operation_params": [
				[]
			]
		}
	},
	"q17_lineitem_linear_merge_sort": {
		"input": [ null ],
		"output": [ null ],
		"operation": "kMergeSort",
		"previous_nodes": [ "q17_lineitem_linear_sort" ],
		"next_nodes": [ "q17_lineitem_part_join" ],
		"operation_parameters": {
			"input_stream_params": [
				[],
				[ 0, 2, 3, 3 ],
				[ 1, 1, 1, 1 ],
				[]
			],
			"output_stream_params": [
				[],
				[ 0, 2, 3, 3 ],
				[ 1, 1, 1, 1 ],
				[ 2 ]
			],
			"operation_params": [
				[]
			]
		}
	},
	"q17_lineitem_part_join": {
		"input": [ null, "part1.csv" ],
		"output": [ null ],
		"operation": "kJoin",
		"previous_nodes": [ "q17_lineitem_linear_merge_sort", null ],
		"next_nodes": [ "q17_first_aggregation" ],
		"operation_parameters": {
			"input_stream_params": [
				[],
				[ 0, 2, 3, 3 ],
				[ 1, 1, 1, 1 ],
				[],
				[ 0, -1,-1, -1, -1, -1, 22, 23, 24, 33, 34, 35 ],
				[ 0, 1, 1, 1, 1, 0, 1, 3, 1 ],
				[ 1, 56, 28, 12, 28, 1, 12, 1, 24 ],
				[]
			],
			"output_stream_params": [
				[],
				[ 0, 2, 3, 3, 1, 1 ],
				[ 1, 1, 1, 1, 12, 12 ],
				[ 1 ]
			],
			"operation_params": [
				[ 6 ]
			]
		}
	},
	"q17_first_aggregation": {
		"input": [ null ],
		"output": [ null ],
		"operation": "kAggregationSum",
		"previous_nodes": [ "q17_lineitem_part_join" ],
		"next_nodes": [ null ],
		"operation_parameters": {
			"input_stream_params": [
				[],
				[ 0, 2, 3, 3, 1, 1 ],
				[ 1, 1, 1, 1, 12, 12 ],
				[]
			],
			"output_stream_params": [
				[ 2, 3 ],
				[ 3 ],
				[ 1 ],
				[ 1 ]
			],
			"operation_params": [
				[ 0 ],
				[ 1 ]
			]
		}
	}
}