{
	"q17_lineitem_part_filter": {
		"input": [ "part_lineitem_1_q17.csv" ],
		"output": [ null ],
		"operation": "kFilter",
		"previous_nodes": [ null ],
		"next_nodes": [ "q17_second_aggregation" ],
		"operation_parameters": {
			"input_stream_params": [
				[],
				[ 0, 2, 3, 3, 1, 1 ],
				[ 1, 1, 1, 1, 12, 12 ],
				[ ]
			],
			"output_stream_params": [
				[],
				[ 0, 2, 3, 3, 1, 1 ],
				[ 1, 1, 1, 1, 12, 12 ],
				[ 1 ]
			],
			"operation_params": [
				[ 0, 12, 1 ],
				[ 0 ],
				[ 510 ],
				[],
				[ 0 ],

				[ 0, 13, 1 ],
				[ 2 ],
				[ 0 ],
				[],
				[ 0 ],

				[ 0, 6, 1 ],
				[ 2 ],
				[ "MED BOX", 3 ],
				[],
				[ 0 ],

				[ 0, 9, 1 ],
				[ 2 ],
				[ "Brand#23", 3 ],
				[],
				[ 0 ]
			]
		}
	},
	"q17_second_aggregation": {
		"input": [ null ],
		"output": [ null ],
		"operation": "kAggregationSum",
		"previous_nodes": [ "q17_lineitem_part_filter" ],
		"next_nodes": [ null ],
		"operation_parameters": {
			"input_stream_params": [
				[],
				[ 0, 2, 3, 3, 1, 1 ],
				[ 1, 1, 1, 1, 12, 12 ],
				[]
			],
			"output_stream_params": [
				[ 4, 5 ],
				[ 3 ],
				[ 1 ],
				[ 1 ]
			],
			"operation_params": [
				[ 0 ],
				[ 2 ]
			]
		}
	}
}