{
	"Q14_first_lineitem_filter": {
		"input": [ "lineitem10.csv" ],
		"output": [ null ],
		"operation": "kFilter",
		"previous_nodes": [ null ],
		"next_nodes": [ "Q14_lineitem_linear_sort" ],
		"operation_parameters": {
			"input_stream_params": [
				[ 1, -1, -1, -1, 8, 9, 6, 7, 14 ],
				[ 0, 0, 0, 0, 3, 3, 3, 3, 1, 1, 4, 4, 4, 1, 1, 1 ],
				[ 1, 1, 1, 1, 1, 1, 1, 1, 4, 4, 1, 1, 1, 28, 12, 44 ],
				[]
			],
			"output_stream_params": [
				[],
				[ 0, 2, 3, 3, 4 ],
				[ 1, 3, 1, 1, 1 ],
				[ 1 ]
			],
			"operation_params": [
				[ 0, 7, 2 ],
				[ 3 ],
				[ 19950901 ],
				[],
				[ 0 ],
				[ 0 ],
				[ 19951001 ],
				[],
				[ 0 ]
			]
		}
	},
	"Q14_lineitem_linear_sort": {
		"input": [ null ],
		"output": [ "Q14_filter_SF10.csv" ],
		"operation": "kLinearSort",
		"previous_nodes": [ "Q14_first_lineitem_filter" ],
		"next_nodes": [ "Q14_lineitem_linear_merge_sort" ],
		"operation_parameters": {
			"input_stream_params": [
				[],
				[ 0, 2, 3, 3, 4 ],
				[ 1, 3, 1, 1, 1 ],
				[]
			],
			"output_stream_params": [
				[ 0, 1, 2, 3, 4, 5, 6, 7 ],
				[ 0, 2, 3, 3 ],
				[ 1, 3, 1, 1 ],
				[ 1 ]
			],
			"operation_params": [
				[]
			]
		}
	},
	"Q14_lineitem_linear_merge_sort": {
		"input": [ null ],
		"output": [ null ],
		"operation": "kMergeSort",
		"previous_nodes": [ "Q14_lineitem_linear_sort" ],
		"next_nodes": [ "Q14_lineitem_part_join" ],
		"operation_parameters": {
			"input_stream_params": [
				[],
				[ 0, 2, 3, 3 ],
				[ 1, 3, 1, 1 ],
				[]
			],
			"output_stream_params": [
				[],
				[ 0, 2, 3, 3 ],
				[ 1, 3, 1, 1 ],
				[ 1 ]
			],
			"operation_params": [
				[]
			]
		}
	},
	"Q14_lineitem_part_join": {
		"input": [ null, "part10.csv" ],
		"output": [ null ],
		"operation": "kJoin",
		"previous_nodes": [ "Q14_lineitem_linear_merge_sort", null ],
		"next_nodes": [ "Q14_lineitem_part_addition" ],
		"operation_parameters": {
			"input_stream_params": [
				[],
				[ 0, 2, 3, 3 ],
				[ 1, 3, 1, 1 ],
				[],
				[ 0, -1, -1, -1, -1, -1, -1, -1, 25, 26, 27, 28, 29, 30, 31 ],
				[ 0, 1, 1, 1, 1, 0, 1, 3, 1 ],
				[ 1, 56, 28, 12, 28, 1, 12, 1, 24 ],
				[]
			],
			"output_stream_params": [
				[],
				[ 0, 2, 3, 3, 1 ],
				[ 1, 3, 1, 1, 28 ],
				[1]
			],
			"operation_params": [
				[ 8 ]
			]
		}
	},
	"Q14_lineitem_part_addition": {
		"input": [ null ],
		"output": [ null ],
		"operation": "kAddition",
		"previous_nodes": [ "Q14_lineitem_part_join" ],
		"next_nodes": [ "Q14_lineitem_part_multiplication" ],
		"operation_parameters": {
			"input_stream_params": [
				[],
				[ 0, 2, 3, 3, 1 ],
				[ 1, 3, 1, 1, 28 ],
				[]
			],
			"output_stream_params": [
				[],
				[ 0, 2, 3, 3, 1 ],
				[ 1, 3, 1, 1, 28 ],
				[ 1 ]
			],
			"operation_params": [
				[ 0 ],
				[ 0, 0, 1, 0, 0, 0, 0, 0 ],
				[ 0, 0, 0, 0, 0, 100, 0, 0, 0, 0, 0, 0, 0, 0, 0, 0 ]
			]
		}
	},
	"Q14_lineitem_part_multiplication": {
		"input": [ null ],
		"output": [ null ],
		"operation": "kMultiplication",
		"previous_nodes": [ "Q14_lineitem_part_addition" ],
		"next_nodes": [ "Q14_lineitem_part_aggregate" ],
		"operation_parameters": {
			"input_stream_params": [
				[],
				[ 0, 2, 3, 3, 1 ],
				[ 1, 3, 1, 1, 28 ],
				[]
			],
			"output_stream_params": [
				[],
				[ 0, 2, 3, 3, 1 ],
				[ 1, 3, 1, 1, 28 ],
				[ 1 ]
			],
			"operation_params": [
				[ 0, 0, 0, 1, 0, 0, 0, 0, 0 ]
			]
		}
	},
	"Q14_lineitem_part_aggregate": {
		"input": [ null ],
		"output": [ null ],
		"operation": "kAggregationSum",
		"previous_nodes": [ "Q14_lineitem_part_multiplication" ],
		"next_nodes": [ "Q14_second_lineitem_filter" ],
		"operation_parameters": {
			"input_stream_params": [
				[],
				[ 0, 2, 3, 3, 1 ],
				[ 1, 3, 1, 1, 28 ],
				[]
			],
			"output_stream_params": [
				[],
				[ 0, 2, 3, 3, 1 ],
				[ 1, 3, 1, 1, 28 ],
				[ 1 ]
			],
			"operation_params": [
				[ 0 ],
				[ 2 ]
			]
		}
	},
	"Q14_second_lineitem_filter": {
		"input": [ null ],
		"output": [ null ],
		"operation": "kFilter",
		"previous_nodes": [ "Q14_lineitem_part_aggregate" ],
		"next_nodes": [ "Q14_second_lineitem_part_aggregate" ],
		"operation_parameters": {
			"input_stream_params": [
				[],
				[ 0, 2, 3, 3, 1 ],
				[ 1, 3, 1, 1, 28 ],
				[]
			],
			"output_stream_params": [
				[],
				[ 0, 2, 3, 3, 1 ],
				[ 1, 3, 1, 1, 28 ],
				[1]
			],
			"operation_params": [
				[ 0, 7, 1 ],
				[ 2 ],
				[ "PROM", 1 ],
				[],
				[ 0 ],

				[ 0, 6, 2 ],
				[ 3 ],
				[ "0", 1 ],
				[],
				[ 0 ],
				[ 0 ],
				[ "P", 1 ],
				[],
				[ 0 ]
			]
		}
	},
	"Q14_second_lineitem_part_aggregate": {
		"input": [ null ],
		"output": [ null ],
		"operation": "kAggregationSum",
		"previous_nodes": [ "Q14_second_lineitem_filter" ],
		"next_nodes": [ null ],
		"operation_parameters": {
			"input_stream_params": [
				[],
				[ 0, 2, 3, 3, 1 ],
				[ 1, 3, 1, 1, 28 ],
				[]
			],
			"output_stream_params": [
				[],
				[ 0, 2, 3, 3, 1 ],
				[ 1, 3, 1, 1, 28 ],
				[ 1 ]
			],
			"operation_params": [
				[ 0 ],
				[ 2 ]
			]
		}
	}
}