{
    "node0": {
        "input": [
            "table_0"
        ],
        "output": [
            null
        ],
        "operation": "kAggregationSum",
        "previous_nodes": [
            null
        ],
        "next_nodes": [
            null
        ],
        "operation_parameters": {
            "input_stream_params": [],
            "output_stream_params": [],
            "operation_params": []
        }
    },
    "node1": {
        "input": [
            "table_1"
        ],
        "output": [
            null
        ],
        "operation": "kLinearSort",
        "previous_nodes": [
            null
        ],
        "next_nodes": [
            "node2"
        ],
        "operation_parameters": {
            "input_stream_params": [],
            "output_stream_params": [],
            "operation_params": []
        }
    },
    "node2": {
        "input": [
            null
        ],
        "output": [
            null
        ],
        "operation": "kMergeSort",
        "previous_nodes": [
            "node1"
        ],
        "next_nodes": [
            "node5"
        ],
        "operation_parameters": {
            "input_stream_params": [],
            "output_stream_params": [],
            "operation_params": []
        }
    },
    "node3": {
        "input": [
            "table_4"
        ],
        "output": [
            null
        ],
        "operation": "kLinearSort",
        "previous_nodes": [
            null
        ],
        "next_nodes": [
            "node4"
        ],
        "operation_parameters": {
            "input_stream_params": [],
            "output_stream_params": [],
            "operation_params": []
        }
    },
    "node4": {
        "input": [
            null
        ],
        "output": [
            null
        ],
        "operation": "kMergeSort",
        "previous_nodes": [
            "node3"
        ],
        "next_nodes": [
            "node5"
        ],
        "operation_parameters": {
            "input_stream_params": [],
            "output_stream_params": [],
            "operation_params": []
        }
    },
    "node5": {
        "input": [
            null,
            null
        ],
        "output": [
            null
        ],
        "operation": "kJoin",
        "previous_nodes": [
            "node2",
            "node4"
        ],
        "next_nodes": [
            "node6"
        ],
        "operation_parameters": {
            "input_stream_params": [],
            "output_stream_params": [],
            "operation_params": []
        }
    },
    "node6": {
        "input": [
            null
        ],
        "output": [
            null
        ],
        "operation": "kLinearSort",
        "previous_nodes": [
            "node5"
        ],
        "next_nodes": [
            "node7"
        ],
        "operation_parameters": {
            "input_stream_params": [],
            "output_stream_params": [],
            "operation_params": []
        }
    },
    "node7": {
        "input": [
            null
        ],
        "output": [
            null
        ],
        "operation": "kMergeSort",
        "previous_nodes": [
            "node6"
        ],
        "next_nodes": [
            "node10"
        ],
        "operation_parameters": {
            "input_stream_params": [],
            "output_stream_params": [],
            "operation_params": []
        }
    },
    "node8": {
        "input": [
            "table_5"
        ],
        "output": [
            null
        ],
        "operation": "kLinearSort",
        "previous_nodes": [
            null
        ],
        "next_nodes": [
            "node9"
        ],
        "operation_parameters": {
            "input_stream_params": [],
            "output_stream_params": [],
            "operation_params": []
        }
    },
    "node9": {
        "input": [
            null
        ],
        "output": [
            null
        ],
        "operation": "kMergeSort",
        "previous_nodes": [
            "node8"
        ],
        "next_nodes": [
            "node10"
        ],
        "operation_parameters": {
            "input_stream_params": [],
            "output_stream_params": [],
            "operation_params": []
        }
    },
    "node10": {
        "input": [
            null,
            null
        ],
        "output": [
            null
        ],
        "operation": "kJoin",
        "previous_nodes": [
            "node7",
            "node9"
        ],
        "next_nodes": [
            "node11"
        ],
        "operation_parameters": {
            "input_stream_params": [],
            "output_stream_params": [],
            "operation_params": []
        }
    },
    "node11": {
        "input": [
            null
        ],
        "output": [
            null
        ],
        "operation": "kFilter",
        "previous_nodes": [
            "node10"
        ],
        "next_nodes": [
            null
        ],
        "operation_parameters": {
            "input_stream_params": [],
            "output_stream_params": [],
            "operation_params": [
                [
                    0,
                    0,
                    3
                ],
                [],
                [],
                [],
                [
                    10
                ],
                [],
                [],
                [],
                [
                    10
                ],
                [],
                [],
                [],
                [
                    10
                ]
            ]
        }
    },
    "node12": {
        "input": [
            "table_2"
        ],
        "output": [
            null
        ],
        "operation": "kMultiplication",
        "previous_nodes": [
            null
        ],
        "next_nodes": [
            null
        ],
        "operation_parameters": {
            "input_stream_params": [],
            "output_stream_params": [],
            "operation_params": []
        }
    },
    "node13": {
        "input": [
            "table_3"
        ],
        "output": [
            null
        ],
        "operation": "kAggregationSum",
        "previous_nodes": [
            null
        ],
        "next_nodes": [
            null
        ],
        "operation_parameters": {
            "input_stream_params": [],
            "output_stream_params": [],
            "operation_params": []
        }
    }
}