{
    "node0": {
        "input": [
            "table_0"
        ],
        "output": [
            null
        ],
        "operation": "kLinearSort",
        "previous_nodes": [
            null
        ],
        "next_nodes": [
            "node1"
        ],
        "operation_parameters": {
            "input_stream_params": [],
            "output_stream_params": [],
            "operation_params": []
        }
    },
    "node1": {
        "input": [
            null
        ],
        "output": [
            null
        ],
        "operation": "kMergeSort",
        "previous_nodes": [
            "node0"
        ],
        "next_nodes": [
            "node4"
        ],
        "operation_parameters": {
            "input_stream_params": [],
            "output_stream_params": [],
            "operation_params": []
        }
    },
    "node2": {
        "input": [
            "table_1"
        ],
        "output": [
            null
        ],
        "operation": "kLinearSort",
        "previous_nodes": [
            null
        ],
        "next_nodes": [
            "node3"
        ],
        "operation_parameters": {
            "input_stream_params": [],
            "output_stream_params": [],
            "operation_params": []
        }
    },
    "node3": {
        "input": [
            null
        ],
        "output": [
            null
        ],
        "operation": "kMergeSort",
        "previous_nodes": [
            "node2"
        ],
        "next_nodes": [
            "node4"
        ],
        "operation_parameters": {
            "input_stream_params": [],
            "output_stream_params": [],
            "operation_params": []
        }
    },
    "node4": {
        "input": [
            null,
            null
        ],
        "output": [
            null
        ],
        "operation": "kJoin",
        "previous_nodes": [
            "node1",
            "node3"
        ],
        "next_nodes": [
            "node5"
        ],
        "operation_parameters": {
            "input_stream_params": [],
            "output_stream_params": [],
            "operation_params": []
        }
    },
    "node5": {
        "input": [
            null
        ],
        "output": [
            null
        ],
        "operation": "kFilter",
        "previous_nodes": [
            "node4"
        ],
        "next_nodes": [
            null
        ],
        "operation_parameters": {
            "input_stream_params": [],
            "output_stream_params": [],
            "operation_params": [
                [
                    0,
                    0,
                    2
                ],
                [],
                [],
                [],
                [
                    16
                ],
                [],
                [],
                [],
                [
                    16
                ]
            ]
        }
    }
}