[
    {
        "filename": "table_0",
        "record_count": 82353,
        "record_size": 10,
        "sorted_status": []
    },
    {
        "filename": "table_1",
        "record_count": 51493,
        "record_size": 10,
        "sorted_status": []
    },
    {
        "filename": "table_2",
        "record_count": 87868,
        "record_size": 10,
        "sorted_status": []
    },
    {
        "filename": "table_3",
        "record_count": 96486,
        "record_size": 10,
        "sorted_status": []
    }
]