[
    {
        "filename": "table_0",
        "record_count": 409964,
        "record_size": 10,
        "sorted_status": []
    },
    {
        "filename": "table_1",
        "record_count": 182865,
        "record_size": 10,
        "sorted_status": []
    },
    {
        "filename": "table_2",
        "record_count": 281921,
        "record_size": 10,
        "sorted_status": []
    },
    {
        "filename": "table_3",
        "record_count": 445121,
        "record_size": 10,
        "sorted_status": []
    },
    {
        "filename": "table_4",
        "record_count": 268049,
        "record_size": 10,
        "sorted_status": []
    },
    {
        "filename": "table_5",
        "record_count": 432092,
        "record_size": 10,
        "sorted_status": []
    }
]