{
	"Q20_lineitem_filter": {
		"input": [ "lineitem1.csv" ],
		"output": [ null ],
		"operation": "kFilter",
		"previous_nodes": [ null ],
		"next_nodes": [ "Q20_first_lineitem_linear_sort" ],
		"operation_parameters": {
			"input_stream_params": [
				[ 1, 2, 4, 5, 14 ],
				[ 0, 0, 0, 0, 3, 3, 3, 3, 1, 1, 4, 4, 4, 1, 1, 1 ],
				[ 1, 1, 1, 1, 1, 1, 1, 1, 4, 4, 1, 1, 1, 28, 12, 44 ],
				[]
			],
			"output_stream_params": [
				[],
				[ 0, 0, 3, 4 ],
				[ 1, 1, 1, 1 ],
				[ 1 ]
			],
			"operation_params": [
				[ 0, 11, 2 ],
				[ 3 ],
				[ 19940101 ],
				[],
				[ 0 ],
				[ 0 ],
				[ 19950101 ],
				[],
				[ 0 ]
			]
		}
	},
	"Q20_first_lineitem_linear_sort": {
		"input": [ null ],
		"output": [ "Q20_first_filter_SF1.csv" ],
		"operation": "kLinearSort",
		"previous_nodes": [ "Q20_lineitem_filter" ],
		"next_nodes": [ "Q20_first_lineitem_merge_sort" ],
		"operation_parameters": {
			"input_stream_params": [
				[],
				[ 0, 0, 3, 4 ],
				[ 1, 1, 1, 1 ],
				[ 1 ]
			],
			"output_stream_params": [
				[ 0, 1, 2, 3 ],
				[ 0, 0, 3 ],
				[ 1, 1, 1 ],
				[ 1 ]
			],
			"operation_params": [
				[]
			]
		}
	},
	"Q20_first_lineitem_merge_sort": {
		"input": [ null ],
		"output": [ null ],
		"operation": "kMergeSort",
		"previous_nodes": [ "Q20_first_lineitem_linear_sort" ],
		"next_nodes": [ "Q20_first_lineitem_partsupp_join" ],
		"operation_parameters": {
			"input_stream_params": [
				[],
				[ 0, 0, 3 ],
				[ 1, 1, 1 ],
				[]
			],
			"output_stream_params": [
				[],
				[ 0, 0, 3 ],
				[ 1, 1, 1 ],
				[]
			],
			"operation_params": [
				[]
			]
		}
	},
	"Q20_first_lineitem_partsupp_join": {
		"input": [ null, "partsupp1.csv" ],
		"output": [ "Q20_second_filter_SF1.csv" ],
		"operation": "kJoin",
		"previous_nodes": [ "Q20_lineitem_linear_merge_sort", null ],
		"next_nodes": [ "Q20_second_lineitem_linear_sort" ],
		"operation_parameters": {
			"input_stream_params": [
				[],
				[ 0, 0, 3 ],
				[ 1, 1, 1 ],
				[],
				[ 0 ],
				[ 0, 0, 0, 3, 1 ],
				[ 1, 1, 1, 1, 200 ],
				[]
			],
			"output_stream_params": [
				[],
				[ 0, 0, 3 ],
				[ 1, 1, 1 ],
				[ 1 ]
			],
			"operation_params": [
				[ 4 ]
			]
		}
	},
	"Q20_second_lineitem_linear_sort": {
		"input": [ null ],
		"output": [ null ],
		"operation": "kLinearSort",
		"previous_nodes": [ "Q20_first_lineitem_partsupp_join" ],
		"next_nodes": [ "Q20_second_lineitem_merge_sort" ],
		"operation_parameters": {
			"input_stream_params": [
				[ 1, -1, 2, 3 ],
				[ 0, 0, 3 ],
				[ 1, 1, 1 ],
				[ 1 ]
			],
			"output_stream_params": [
				[],
				[ 0, 2, 3 ],
				[ 1, 1, 1 ],
				[ 1 ]
			],
			"operation_params": [
				[]
			]
		}
	},
	"Q20_second_lineitem_merge_sort": {
		"input": [ null ],
		"output": [ null ],
		"operation": "kMergeSort",
		"previous_nodes": [ "Q20_second_lineitem_linear_sort" ],
		"next_nodes": [ "Q20_second_lineitem_partsupp_join" ],
		"operation_parameters": {
			"input_stream_params": [
				[],
				[ 0, 2, 3 ],
				[ 1, 1, 1 ],
				[]
			],
			"output_stream_params": [
				[],
				[ 0, 2, 3 ],
				[ 1, 1, 1 ],
				[ 1 ]
			],
			"operation_params": [
				[]
			]
		}
	},
	"Q20_second_partsupp_linear_sort": {
		"input": [ "partsupp1.csv" ],
		"output": [ "Q20_partsupp_SF1.csv" ],
		"operation": "kLinearSort",
		"previous_nodes": [ null ],
		"next_nodes": [ "Q20_second_partsupp_merge_sort" ],
		"operation_parameters": {
			"input_stream_params": [
				[ 1 ],
				[ 0, 0, 0, 3, 1 ],
				[ 1, 1, 1, 1, 200 ],
				[]
			],
			"output_stream_params": [
				[ 1 ],
				[ 0 ],
				[ 1 ],
				[ 1 ]
			],
			"operation_params": [
				[]
			]
		}
	},
	"Q20_second_partsupp_merge_sort": {
		"input": [ null ],
		"output": [ null ],
		"operation": "kMergeSort",
		"previous_nodes": [ "Q20_second_partsupp_linear_sort" ],
		"next_nodes": [ "Q20_second_lineitem_partsupp_join" ],
		"operation_parameters": {
			"input_stream_params": [
				[ 1 ],
				[ 0 ],
				[ 1 ],
				[]
			],
			"output_stream_params": [
				[ 1 ],
				[ 0 ],
				[ 1 ],
				[ 1 ]
			],
			"operation_params": [
				[]
			]
		}
	},
	"Q20_second_lineitem_partsupp_join": {
		"input": [ null, null ],
		"output": [ null ],
		"operation": "kJoin",
		"previous_nodes": [ "Q20_second_lineitem_merge_sort", "Q20_second_partsupp_merge_sort" ],
		"next_nodes": [ "Q20_partsupp_aggregate" ],
		"operation_parameters": {
			"input_stream_params": [
				[],
				[ 0, 2, 3 ],
				[ 1, 1, 1 ],
				[],
				[ 0 ],
				[ 0 ],
				[ 1 ],
				[]
			],
			"output_stream_params": [
				[],
				[ 0, 2, 3 ],
				[ 1, 1, 1 ],
				[ 1 ]
			],
			"operation_params": [
				[ 4 ]
			]
		}
	},
	"Q20_partsupp_aggregate": {
		"input": [ null ],
		"output": [ null ],
		"operation": "kAggregationSum",
		"previous_nodes": [ "Q20_second_lineitem_partsupp_join" ],
		"next_nodes": [ "Q20_partsupp_filter" ],
		"operation_parameters": {
			"input_stream_params": [
				[],
				[ 0, 2, 3 ],
				[ 1, 1, 1 ],
				[]
			],
			"output_stream_params": [
				[],
				[ 0, 2, 3 ],
				[ 1, 1, 1 ],
				[]
			],
			"operation_params": [
				[ 0 ],
				[ 2 ]
			]
		}
	},
	"Q20_part_filter": {
		"input": [ "part1.csv" ],
		"output": [ "Q20_part_SF1.csv" ],
		"operation": "kFilter",
		"previous_nodes": [ null ],
		"next_nodes": [ "Q20_first_lineitem_linear_sort" ],
		"operation_parameters": {
			"input_stream_params": [
				[ 0, 1, 2, 3, 4, 5, 6, 7, 8, 9, 10, 11, 12, 13, 14 ],
				[ 0, 1, 1, 1, 1, 0, 1, 3, 1 ],
				[ 1, 56, 28, 12, 28, 1, 12, 1, 24 ],
				[]
			],
			"output_stream_params": [
				[ 0 ],
				[ 0 ],
				[ 1 ],
				[ 1 ]
			],
			"operation_params": [
				[ 0, 14, 1 ],
				[ 2 ],
				[ "fore", 1 ],
				[],
				[ 0 ],

				[ 0, 13, 2 ],
				[ 3 ],
				[ "st", 1 ],
				[],
				[ 0 ],
				[ 0 ],
				[ "su", 1 ],
				[],
				[ 0 ]
			]
		}
	},
	"Q20_partsupp_filter": {
		"input": [ "partsupp1.csv" ],
		"output": [ null ],
		"operation": "kFilter",
		"previous_nodes": [ "Q20_partsupp_aggregate" ],
		"next_nodes": [ "Q20_first_lineitem_linear_sort" ],
		"operation_parameters": {
			"input_stream_params": [
				[ 0, 1, 2 ],
				[ 0, 0, 0, 3, 1 ],
				[ 1, 1, 1, 1, 200 ],
				[]
			],
			"output_stream_params": [
				[],
				[ 0, 0, 0 ],
				[ 1, 1, 1 ],
				[ 1 ]
			],
			"operation_params": [
				[ 0, 13, 1 ],
				[ 4 ],
				[ 121442 ],
				[],
				[ 0 ]
			]
		}
	},
	"Q20_partsupp_join": {
		"input": [ null, null ],
		"output": [ "Q20_partsupp_filtered_SF1.csv" ],
		"operation": "kJoin",
		"previous_nodes": [ "Q20_partsupp_filter", "Q20_part_filter" ],
		"next_nodes": [ "Q20_partsupp_aggregate" ],
		"operation_parameters": {
			"input_stream_params": [
				[],
				[ 0, 0, 0 ],
				[ 1, 1, 1 ],
				[],
				[],
				[ 0 ],
				[ 1 ],
				[]
			],
			"output_stream_params": [
				[ 1 ],
				[ 0 ],
				[ 1 ],
				[ 1 ]
			],
			"operation_params": [
				[ 3 ]
			]
		}
	},
	"Q20_filter_partsupp_linear_sort": {
		"input": [ null ],
		"output": [ null ],
		"operation": "kLinearSort",
		"previous_nodes": [ "Q20_partsupp_join" ],
		"next_nodes": [ "Q20_filter_partsupp_merge_sort" ],
		"operation_parameters": {
			"input_stream_params": [
				[],
				[ 0 ],
				[ 1 ],
				[]
			],
			"output_stream_params": [
				[],
				[ 0 ],
				[ 1 ],
				[ 1 ]
			],
			"operation_params": [
				[]
			]
		}
	},
	"Q20_filter_partsupp_merge_sort": {
		"input": [ null ],
		"output": [ null ],
		"operation": "kMergeSort",
		"previous_nodes": [ "Q20_filter_partsupp_linear_sort" ],
		"next_nodes": [ "Q20_supplier_join" ],
		"operation_parameters": {
			"input_stream_params": [
				[],
				[ 0 ],
				[ 1 ],
				[]
			],
			"output_stream_params": [
				[],
				[ 0 ],
				[ 1 ],
				[ 1 ]
			],
			"operation_params": [
				[]
			]
		}
	},
	"Q20_supplier_join": {
		"input": [ "supplier1.csv", null ],
		"output": [ "Q20_partsupp_filtered_SF1.csv" ],
		"operation": "kJoin",
		"previous_nodes": [ null, "Q20_filter_partsupp_merge_sort" ],
		"next_nodes": [ "Q20_supplier_linear_sort" ],
		"operation_parameters": {
			"input_stream_params": [
				[ 0, 1, 2, 3, 4, 5, 6, 7, 8, 9, 10, 11, 12, 13, 14, 15, 16, 17, 18 ],
				[ 0, 1, 1, 0, 1, 3, 1 ],
				[ 1, 28, 40, 1, 16, 1, 104 ],
				[],
				[],
				[ 0 ],
				[ 1 ],
				[]
			],
			"output_stream_params": [
				[ 18, 1, 2, 3, 4, 5, 6, 7, 8, 9, 10, 11, 12, 13, 14, 15, 16, 17 ],
				[ 0, 1, 1 ],
				[ 1, 28, 40 ],
				[ 2 ]
			],
			"operation_params": [
				[ 3 ]
			]
		}
	},
	"Q20_supplier_linear_sort": {
		"input": [ null ],
		"output": [ null ],
		"operation": "kLinearSort",
		"previous_nodes": [ "Q20_supplier_join" ],
		"next_nodes": [ "Q20_supplier_merge_sort" ],
		"operation_parameters": {
			"input_stream_params": [
				[],
				[ 0, 1, 1 ],
				[ 1, 28, 40 ],
				[]
			],
			"output_stream_params": [
				[],
				[ 0, 1, 1 ],
				[ 1, 28, 40 ],
				[ 2 ]
			],
			"operation_params": [
				[]
			]
		}
	},
	"Q20_supplier_merge_sort": {
		"input": [ null ],
		"output": [ null ],
		"operation": "kMergeSort",
		"previous_nodes": [ "Q20_supplier_linear_sort" ],
		"next_nodes": [ "Q20_nation_join" ],
		"operation_parameters": {
			"input_stream_params": [
				[],
				[ 0, 1, 1 ],
				[ 1, 28, 40 ],
				[]
			],
			"output_stream_params": [
				[],
				[ 0, 1, 1 ],
				[ 1, 28, 40 ],
				[ 2 ]
			],
			"operation_params": [
				[]
			]
		}
	},
	"Q20_nation_filter": {
		"input": [ "nation.csv" ],
		"output": [ null ],
		"operation": "kFilter",
		"previous_nodes": [ null ],
		"next_nodes": [ "Q20_nation_join" ],
		"operation_parameters": {
			"input_stream_params": [
				[ 0, 1, 2, 3, 4, 5, 6, 7 ],
				[ 0, 1, 0, 1 ],
				[ 1, 28, 1, 152 ],
				[]
			],
			"output_stream_params": [
				[],
				[ 0, 1 ],
				[ 1, 28 ],
				[ 1 ]
			],
			"operation_params": [
				[ 0, 14, 1 ],
				[ 2 ],
				[ "CANADA", 7 ],
				[],
				[ 0 ]
			]
		}
	},
	"Q20_nation_join": {
		"input": [ null, null ],
		"output": [ "Q20_nation_SF1.csv" ],
		"operation": "kJoin",
		"previous_nodes": [ "Q20_nation_filter", "Q20_supplier_merge_sort" ],
		"next_nodes": [ "Q20_nation_linear_sort" ],
		"operation_parameters": {
			"input_stream_params": [
				[],
				[ 0, 1 ],
				[ 1, 28 ],
				[],
				[],
				[ 0, 1, 1 ],
				[ 1, 28, 40 ],
				[]
			],
			"output_stream_params": [
				[ 1, 2, 3, 4, 5, 6, 7, 8, 9, 10, 11, 12, 13, 14, 15, 16, 17 ],
				[ 1, 1 ],
				[ 28, 40 ],
				[ 2 ]
			],
			"operation_params": [
				[ 1 ]
			]
		}
	},
	"Q20_nation_linear_sort": {
		"input": [ null ],
		"output": [ null ],
		"operation": "kLinearSort",
		"previous_nodes": [ "Q20_nation_join" ],
		"next_nodes": [ "Q20_nation_merge_sort" ],
		"operation_parameters": {
			"input_stream_params": [
				[],
				[ 1, 1 ],
				[ 28, 40 ],
				[]
			],
			"output_stream_params": [
				[],
				[ 1, 1 ],
				[ 28, 40 ],
				[ 2 ]
			],
			"operation_params": [
				[]
			]
		}
	},
	"Q20_nation_merge_sort": {
		"input": [ null ],
		"output": [ null ],
		"operation": "kMergeSort",
		"previous_nodes": [ "Q20_nation_linear_sort" ],
		"next_nodes": [ null ],
		"operation_parameters": {
			"input_stream_params": [
				[],
				[ 1, 1 ],
				[ 28, 40 ],
				[]
			],
			"output_stream_params": [
				[],
				[ 1, 1 ],
				[ 28, 40 ],
				[ 2 ]
			],
			"operation_params": [
				[]
			]
		}
	}
}