{
	"Q6_first_lineitem_filter": {
		"input": [ "lineitem100.csv" ],
		"output": [ null ],
		"operation": "kFilter",
		"previous_nodes": [ null ],
		"next_nodes": [ "Q6_lineitem_part_multiplication" ],
		"operation_parameters": {
			"input_stream_params": [
				[ 4, 5, -1, -1, 6, 7, 8, 9, 14 ],
				[ 0, 0, 0, 0, 3, 3, 3, 3, 1, 1, 4, 4, 4, 1, 1, 1 ],
				[ 1, 1, 1, 1, 1, 1, 1, 1, 4, 4, 1, 1, 1, 28, 12, 44 ],
				[]
			],
			"output_stream_params": [
				[],
				[ 3, 2, 3, 3, 4 ],
				[ 1, 2, 1, 1, 1 ],
				[ 1 ]
			],
			"operation_params": [
				[ 0, 14, 1 ],
				[ 0 ],
				[ 2400 ],
				[],
				[ 0 ],

				[ 0, 15, 1 ],
				[ 2 ],
				[ 0 ],
				[],
				[ 0 ],

				[ 0, 8, 2 ],
				[ 3 ],
				[ 5 ],
				[],
				[ 0 ],
				[ 1 ],
				[ 7 ],
				[],
				[ 0 ],

				[ 0, 9, 1 ],
				[ 2 ],
				[ 0 ],
				[],
				[ 0 ],

				[ 0, 7, 2 ],
				[ 3 ],
				[ 19940101 ],
				[],
				[ 0 ],
				[ 0 ],
				[ 19950101 ],
				[],
				[ 0 ]
			]
		}
	},
	"Q6_lineitem_part_multiplication": {
		"input": [ null ],
		"output": [ null ],
		"operation": "kMultiplication",
		"previous_nodes": [ "Q6_first_lineitem_filter" ],
		"next_nodes": [ "Q6_lineitem_part_aggregate" ],
		"operation_parameters": {
			"input_stream_params": [
				[],
				[ 3, 2, 3, 3, 4 ],
				[ 1, 2, 1, 1, 1 ],
				[]
			],
			"output_stream_params": [
				[],
				[ 3, 2, 3, 3, 4 ],
				[ 1, 2, 1, 1, 1 ],
				[ 1 ]
			],
			"operation_params": [
				[ 0, 0, 0, 1, 0, 0, 0, 0, 0 ]
			]
		}
	},
	"Q6_lineitem_part_aggregate": {
		"input": [ null ],
		"output": [ null ],
		"operation": "kAggregationSum",
		"previous_nodes": [ "Q6_lineitem_part_multiplication" ],
		"next_nodes": [ null ],
		"operation_parameters": {
			"input_stream_params": [
				[],
				[ 3, 2, 3, 3, 4 ],
				[ 1, 2, 1, 1, 1 ],
				[]
			],
			"output_stream_params": [
				[ 4, 5 ],
				[ 3 ],
				[ 1 ],
				[ 1 ]
			],
			"operation_params": [
				[ 0 ],
				[ 2 ]
			]
		}
	},



	"Q19_first_lineitem_filter": {
		"input": [ "lineitem100.csv" ],
		"output": [ null ],
		"operation": "kFilter",
		"previous_nodes": [ null ],
		"next_nodes": [ "Q19_lineitem_linear_sort" ],
		"operation_parameters": {
			"input_stream_params": [
				[ 1, 4, 5, 6, 7, 8, 9, -1, -1, -1, -1, -1, -1, -1, -1, -1, 17, 18, 19, 20, 21, 22, 23, 24, 25, 26 ],
				[ 0, 0, 0, 0, 3, 3, 3, 3, 1, 1, 4, 4, 4, 1, 1, 1 ],
				[ 1, 1, 1, 1, 1, 1, 1, 1, 4, 4, 1, 1, 1, 28, 12, 44 ],
				[]
			],
			"output_stream_params": [
				[],
				[ 0, 3, 3, 3, 2, 1, 1 ],
				[ 1, 1, 1, 1, 9, 28, 12 ],
				[ 2 ]
			],
			"operation_params": [
				[ 0, 13, 2 ],
				[ 1 ],
				[ 3000 ],
				[],
				[ 0, 1, 2, 3 ],
				[ 3 ],
				[ 100 ],
				[ 1, 0, 1, 0 ],
				[ 0, 1, 2, 3 ],

				[ 0, 14, 2 ],
				[ 2 ],
				[ 0 ],
				[],
				[ 0, 1, 2, 3 ],
				[ 4 ],
				[ 1 ],
				[ 0, 1, 0, 1 ],
				[ 0, 1, 2, 3 ],

				[ 1, 8, 2 ],
				[ 2 ],
				[ "AIR REG", 3 ],
				[ 1, 1, 0, 0 ],
				[ 0, 1, 2, 3 ],
				[ 2 ],
				[ "AIR", 3 ],
				[ 0, 0, 1, 1 ],
				[ 0, 1, 2, 3 ],

				[ 1, 15, 1 ],
				[ 2 ],
				[ "DELIVER IN PERSON", 7 ],
				[],
				[ 0, 1, 2, 3 ]
			]
		}
	},
	"Q19_lineitem_linear_sort": {
		"input": [ null ],
		"output": [ "lineitem_linear_sort_SF100.csv" ],
		"operation": "kLinearSort",
		"previous_nodes": [ "Q19_first_lineitem_filter" ],
		"next_nodes": [ null ],
		"operation_parameters": {
			"input_stream_params": [
				[],
				[ 0, 3, 3, 3, 2, 1, 1 ],
				[ 1, 1, 1, 1, 9, 28, 12 ],
				[]
			],
			"output_stream_params": [
				[ 0, 1, 2, 3, 4, 5, 6 ],
				[ 0, 3, 3, 3 ],
				[ 1, 1, 1, 1 ],
				[ 2 ]
			],
			"operation_params": [
				[]
			]
		}
	},
	"Q19_lineitem_linear_merge_sort": {
		"input": [ "lineitem_linear_sort_SF100.csv" ],
		"output": [ null ],
		"operation": "kMergeSort",
		"previous_nodes": [ null ],
		"next_nodes": [ "Q19_lineitem_part_join" ],
		"operation_parameters": {
			"input_stream_params": [
				[ 0, -1, -1, -1, 1, 2, 1, 2, 3, 4, 5, 6 ],
				[ 0, 3, 3, 3 ],
				[ 1, 1, 1, 1 ],
				[]
			],
			"output_stream_params": [
				[],
				[ 0, 2, 3, 3, 3, 3 ],
				[ 1, 3, 1, 1, 1, 1 ],
				[ 1 ]
			],
			"operation_params": [
				[]
			]
		}
	},
	"Q19_lineitem_part_join": {
		"input": [ null, "part100.csv" ],
		"output": [ null ],
		"operation": "kJoin",
		"previous_nodes": [ "Q19_lineitem_linear_merge_sort", null ],
		"next_nodes": [ "Q19_lineitem_part_second_filter" ],
		"operation_parameters": {
			"input_stream_params": [
				[],
				[ 0, 2, 3, 3, 3, 3 ],
				[ 1, 3, 1, 1, 1, 1 ],
				[],
				[ 0, -1, -1, -1, -1, -1, -1, -1, -1, -1, -1, -1, 22, 23, 24, -1, 32, 33, 34, 35, 33, 34, 35, 33, 34, 35 ],
				[ 0, 1, 1, 1, 1, 0, 1, 3, 1 ],
				[ 1, 56, 28, 12, 28, 1, 12, 1, 24 ],
				[]
			],
			"output_stream_params": [
				[],
				[ 0, 2, 3, 3, 3, 3, 2, 1, 0, 1, 1, 1 ],
				[ 1, 3, 1, 1, 1, 1, 1, 12, 1, 12, 12, 12 ],
				[ 2 ]
			],
			"operation_params": [
				[ 12 ]
			]
		}
	},
	"Q19_lineitem_part_second_filter": {
		"input": [ null ],
		"output": [ null ],
		"operation": "kFilter",
		"previous_nodes": [ "Q19_lineitem_part_join" ],
		"next_nodes": [ "Q19_lineitem_part_addition" ],
		"operation_parameters": {
			"input_stream_params": [
				[],
				[ 0, 2, 3, 3, 3, 3, 2, 1, 0, 1, 1, 1 ],
				[ 1, 3, 1, 1, 1, 1, 1, 12, 1, 12, 12, 12 ],
				[]
			],
			"output_stream_params": [
				[],
				[ 0, 2, 3, 3, 3, 3, 2, 1, 0, 1, 1, 1 ],
				[ 1, 3, 1, 1, 1, 1, 1, 12, 1, 12, 12, 12 ],
				[ 2 ]
			],
			"operation_params": [
				[ 0, 14, 3 ],
				[ 1 ],
				[ 1100 ],
				[],
				[ 0, 1, 2, 3 ],
				[ 1 ],
				[ 2000 ],
				[],
				[ 4, 5, 6, 7 ],
				[ 1 ],
				[ 3000 ],
				[],
				[ 8, 9, 10, 11 ],

				[ 0, 12, 3 ],
				[ 3 ],
				[ 100 ],
				[],
				[ 0, 1, 2, 3 ],
				[ 3 ],
				[ 1000 ],
				[],
				[ 4, 5, 6, 7 ],
				[ 3 ],
				[ 2000 ],
				[],
				[ 8, 9, 10, 11 ],

				[ 0, 15, 1 ],
				[ 2 ],
				[ 0 ],
				[],
				[ 0, 1, 2, 3, 4, 5, 6, 7, 8, 9, 10, 11 ],

				[ 0, 13, 1 ],
				[ 2 ],
				[ 0 ],
				[],
				[ 0, 1, 2, 3, 4, 5, 6, 7, 8, 9, 10, 11 ],

				[ 0, 7, 3 ],
				[ 2 ],
				[ "Brand#12", 3 ],
				[],
				[ 0, 1, 2, 3 ],
				[ 2 ],
				[ "Brand#23", 3 ],
				[],
				[ 4, 5, 6, 7 ],
				[ 2 ],
				[ "Brand#34", 3 ],
				[],
				[ 8, 9, 10, 11 ],

				[ 0, 0, 4 ],
				[ 1 ],
				[ 5 ],
				[],
				[ 0, 1, 2, 3 ],
				[ 1 ],
				[ 10 ],
				[],
				[ 4, 5, 6, 7 ],
				[ 1 ],
				[ 15 ],
				[],
				[ 8, 9, 10, 11 ],
				[ 3 ],
				[ 1 ],
				[],
				[ 0, 1, 2, 3, 4, 5, 6, 7, 8, 9, 10, 11 ],

				[ 1, 15, 4 ],
				[ 2 ],
				[ "SM CASE", 3 ],
				[],
				[ 0 ],
				[ 2 ],
				[ "SM BOX", 3 ],
				[],
				[ 1 ],
				[ 2 ],
				[ "SM PACK", 3 ],
				[],
				[ 2 ],
				[ 2 ],
				[ "SM PKG", 3 ],
				[],
				[ 3 ],

				[ 1, 12, 4 ],
				[ 2 ],
				[ "MED BAG", 3 ],
				[],
				[ 4 ],
				[ 2 ],
				[ "MED BOX", 3 ],
				[],
				[ 5 ],
				[ 2 ],
				[ "MED PKG", 3 ],
				[],
				[ 6 ],
				[ 2 ],
				[ "MED PACK", 3 ],
				[],
				[ 7 ],

				[ 1, 9, 4 ],
				[ 2 ],
				[ "LG CASE", 3 ],
				[],
				[ 8 ],
				[ 2 ],
				[ "LG BOX", 3 ],
				[],
				[ 9 ],
				[ 2 ],
				[ "LG PACK", 3 ],
				[],
				[ 10 ],
				[ 2 ],
				[ "LG PKG", 3 ],
				[],
				[ 11 ]
			]
		}
	},
	"Q19_lineitem_part_addition": {
		"input": [ null ],
		"output": [ null ],
		"operation": "kAddition",
		"previous_nodes": [ "Q19_lineitem_part_second_filter" ],
		"next_nodes": [ "Q19_lineitem_part_multiplication" ],
		"operation_parameters": {
			"input_stream_params": [
				[],
				[ 0, 2, 3, 3, 3, 3, 2, 1, 0, 1, 1, 1 ],
				[ 1, 3, 1, 1, 1, 1, 1, 12, 1, 12, 12, 12 ],
				[]
			],
			"output_stream_params": [
				[],
				[ 0, 2, 3, 3, 3, 3, 2, 1, 0, 1, 1, 1 ],
				[ 1, 3, 1, 1, 1, 1, 1, 12, 1, 12, 12, 12 ],
				[ 2 ]
			],
			"operation_params": [
				[ 0 ],
				[ 0, 0, 0, 0, 0, 1, 0, 0 ],
				[ 0, 0, 0, 0, 0, 0, 0, 0, 0, 0, 0, 100, 0, 0, 0, 0 ]
			]
		}
	},
	"Q19_lineitem_part_multiplication": {
		"input": [ null ],
		"output": [ null ],
		"operation": "kMultiplication",
		"previous_nodes": [ "Q19_lineitem_part_addition" ],
		"next_nodes": [ "Q19_lineitem_part_aggregate" ],
		"operation_parameters": {
			"input_stream_params": [
				[],
				[ 0, 2, 3, 3, 3, 3, 2, 1, 0, 1, 1, 1 ],
				[ 1, 3, 1, 1, 1, 1, 1, 12, 1, 12, 12, 12 ],
				[]
			],
			"output_stream_params": [
				[],
				[ 0, 2, 3, 3, 3, 3, 2, 1, 0, 1, 1, 1 ],
				[ 1, 3, 1, 1, 1, 1, 1, 12, 1, 12, 12, 12 ],
				[ 2 ]
			],
			"operation_params": [
				[ 0, 0, 0, 0, 0, 1, 0, 0, 0 ]
			]
		}
	},
	"Q19_lineitem_part_aggregate": {
		"input": [ null ],
		"output": [ null ],
		"operation": "kAggregationSum",
		"previous_nodes": [ "Q19_lineitem_part_multiplication" ],
		"next_nodes": [ null ],
		"operation_parameters": {
			"input_stream_params": [
				[],
				[ 0, 2, 3, 3, 3, 3, 2, 1, 0, 1, 1, 1 ],
				[ 1, 3, 1, 1, 1, 1, 1, 12, 1, 12, 12, 12 ],
				[]
			],
			"output_stream_params": [
				[ 9, 10 ],
				[ 3 ],
				[ 1 ],
				[ 2 ]
			],
			"operation_params": [
				[ 0 ],
				[ 3 ]
			]
		}
	},


	"q17_lineitem_linear_sort": {
		"input": [ "lineitem100.csv" ],
		"output": [ null ],
		"operation": "kLinearSort",
		"previous_nodes": [ null ],
		"next_nodes": [ "q17_lineitem_linear_merge_sort" ],
		"operation_parameters": {
			"input_stream_params": [
				[ 1, -1, 4, 5, 6, 7 ],
				[ 0, 0, 0, 0, 3, 3, 3, 3, 1, 1, 4, 4, 4, 1, 1, 1 ],
				[ 1, 1, 1, 1, 1, 1, 1, 1, 4, 4, 1, 1, 1, 28, 12, 44 ],
				[]
			],
			"output_stream_params": [
				[],
				[ 0, 2, 3, 3 ],
				[ 1, 1, 1, 1 ],
				[ 1 ]
			],
			"operation_params": [
				[]
			]
		}
	},
	"q17_lineitem_linear_merge_sort": {
		"input": [ null ],
		"output": [ null ],
		"operation": "kMergeSort",
		"previous_nodes": [ "q17_lineitem_linear_sort" ],
		"next_nodes": [ "q17_lineitem_part_join" ],
		"operation_parameters": {
			"input_stream_params": [
				[],
				[ 0, 2, 3, 3 ],
				[ 1, 1, 1, 1 ],
				[]
			],
			"output_stream_params": [
				[],
				[ 0, 2, 3, 3 ],
				[ 1, 1, 1, 1 ],
				[ 1 ]
			],
			"operation_params": [
				[]
			]
		}
	},
	"q17_lineitem_part_join": {
		"input": [ null, "part100.csv" ],
		"output": [ "part_lineitem_100_q17.csv" ],
		"operation": "kJoin",
		"previous_nodes": [ "q17_lineitem_linear_merge_sort", null ],
		"next_nodes": [ "q17_first_aggregation" ],
		"operation_parameters": {
			"input_stream_params": [
				[],
				[ 0, 2, 3, 3 ],
				[ 1, 1, 1, 1 ],
				[],
				[ 0, -1, -1, -1, -1, -1, 22, 23, 24, 33, 34, 35 ],
				[ 0, 1, 1, 1, 1, 0, 1, 3, 1 ],
				[ 1, 56, 28, 12, 28, 1, 12, 1, 24 ],
				[]
			],
			"output_stream_params": [
				[],
				[ 0, 2, 3, 3, 1, 1 ],
				[ 1, 1, 1, 1, 12, 12 ],
				[ 1 ]
			],
			"operation_params": [
				[ 6 ]
			]
		}
	},
	"q17_first_aggregation": {
		"input": [ null ],
		"output": [ null ],
		"operation": "kAggregationSum",
		"previous_nodes": [ "q17_lineitem_part_join" ],
		"next_nodes": [ null ],
		"operation_parameters": {
			"input_stream_params": [
				[],
				[ 0, 2, 3, 3, 1, 1 ],
				[ 1, 1, 1, 1, 12, 12 ],
				[]
			],
			"output_stream_params": [
				[ 2, 3 ],
				[ 3 ],
				[ 1 ],
				[ 1 ]
			],
			"operation_params": [
				[ 0 ],
				[ 1 ]
			]
		}
	},

	"q17_lineitem_part_filter": {
		"input": [ "part_lineitem_100_q17.csv" ],
		"output": [ null ],
		"operation": "kFilter",
		"previous_nodes": [ null ],
		"next_nodes": [ "q17_second_aggregation" ],
		"operation_parameters": {
			"input_stream_params": [
				[],
				[ 0, 2, 3, 3, 1, 1 ],
				[ 1, 1, 1, 1, 12, 12 ],
				[]
			],
			"output_stream_params": [
				[],
				[ 0, 2, 3, 3, 1, 1 ],
				[ 1, 1, 1, 1, 12, 12 ],
				[ 1 ]
			],
			"operation_params": [
				[ 0, 12, 1 ],
				[ 0 ],
				[ 510 ],
				[],
				[ 0 ],

				[ 0, 13, 1 ],
				[ 2 ],
				[ 0 ],
				[],
				[ 0 ],

				[ 0, 6, 1 ],
				[ 2 ],
				[ "MED BOX", 3 ],
				[],
				[ 0 ],

				[ 0, 9, 1 ],
				[ 2 ],
				[ "Brand#23", 3 ],
				[],
				[ 0 ]
			]
		}
	},
	"q17_second_aggregation": {
		"input": [ null ],
		"output": [ null ],
		"operation": "kAggregationSum",
		"previous_nodes": [ "q17_lineitem_part_filter" ],
		"next_nodes": [ null ],
		"operation_parameters": {
			"input_stream_params": [
				[],
				[ 0, 2, 3, 3, 1, 1 ],
				[ 1, 1, 1, 1, 12, 12 ],
				[]
			],
			"output_stream_params": [
				[ 4, 5 ],
				[ 3 ],
				[ 1 ],
				[ 1 ]
			],
			"operation_params": [
				[ 0 ],
				[ 2 ]
			]
		}
	}
}