query_id,filter_chance,filter_first_lower_bound,filter_second_lower_bount,filter_first_upper_bount,filter_second_upper_bound,leave_empty_join_chance,join_chance,arithmetic_chance,aggregation_chance,multiplier_chance,generator_query_count,table_size_lower_bound,table_size_upper_bound,max_node_limit,min_node_limit,filter_global_count,linear_sort_global_count,merge_sort_global_count,merge_join_global_count,addition_global_count,multiplier_global_count,global_sum_global_count,global_node_count,node_count_mean,node_count_std_dev,node_count_min,node_count_max,final_query_count,filter_mean_count,filter_std_dev_count,filter_min_count,filter_max_count,filter_dnf_mean,filter_dnf_std_dev,filter_dnf_min,filter_dnf_max_count,filter_comparison_mean,filter_comparison_std_dev,filter_comparison_min,filter_comparison_max,linear_sort_mean_count,linear_sort_std_dev_count,linear_sort_min_count,linear_sort_max_count,merge_sort_mean_count,merge_sort_std_dev_count,merge_sort_min_count,merge_sort_max_count,merge_join_mean_count,merge_join_std_dev_count,merge_join_min_count,merge_join_max_count,addition_mean_count,addition_std_dev_count,addition_min_count,addition_max_count,multiplier_mean_count,multiplier_std_dev_count,multiplier_min_count,multiplier_max_count,global_sum_mean_count,global_sum_std_dev_count,global_sum_min_count,global_sum_max_count,table_size_mean,table_size_std_dev,table_size_sum_min,table_size_max_count,table_mean_count,table_std_dev_count,table_min_count,table_max_count,selectivity,time_limit,heuristic,utility_scaler,frame_scaler,utility_per_frame_scaler,plan_count,placed_nodes,discarded_placements,plans_chosen,run_count,performance_s,cost_eval_s,timeouts,utility,frames_written,utility_per_frames,score,exec_time,config_time
1,0.5,1,1,8,3,0.75,0.5,0.5,0.5,0.5,2,100,10000,7,5,1,2,2,1,0,1,0,7,7.0,0.0,7,7,1,1.0,0.0,1,1,4.0,0.0,4,4,2.0,0.0,2,2,2.0,0.0,2,2,2.0,0.0,2,2,1.0,0.0,1,1,0,0,0,0,1.0,0.0,1,1,0,0,0,0,3194.5,251.5,2943,3446,3.0,0.0,3,3,1,80,6,0,0,1,0.0,0.0,0.0,0.0,0.0,0.000498,0.0,0.0,-1,88.8736559139785,0,-1,0.000152305,0.033061
2,0.5,1,1,8,3,0.75,0.5,0.5,0.5,0.5,1,100,10000,7,5,0,4,4,2,0,0,0,10,10.0,0.0,10,10,1,0,0,0,0,0,0,0,0,0,0,0,0,4.0,0.0,4,4,4.0,0.0,4,4,2.0,0.0,2,2,0,0,0,0,0,0,0,0,0,0,0,0,6037.0,3245.925445847455,1845,9753,4.0,0.0,4,4,1,80,6,0,0,1,0.0,0.0,0.0,0.0,0.0,0.003606,0.0,0.0,-1,95.08064516129032,0,-1,0.0005722174999999999,0.03537
3,0.5,1,1,8,3,0.75,0.5,0.4,0.4,0.5,2,100,10000,7,5,2,2,2,1,0,0,0,7,7.0,0.0,7,7,1,2.0,0.0,2,2,3.0,1.0,2,4,1.0,0.0,1,1,2.0,0.0,2,2,2.0,0.0,2,2,1.0,0.0,1,1,0,0,0,0,0,0,0,0,0,0,0,0,5329.5,3797.5,1532,9127,3.0,0.0,3,3,1,80,6,0,0,1,0.0,0.0,0.0,0.0,0.0,0.000684,0.0,0.0,-1,77.98118279569893,0,-1,0.00017648166666666667,0.029009
4,0.5,1,1,8,3,0.75,0.5,0.4,0.4,0.5,1,100,10000,7,5,0,4,4,2,0,0,1,11,5.5,4.5,1,10,2,0,0,0,0,0,0,0,0,0,0,0,0,2.0,2.0,0,4,2.0,2.0,0,4,1.0,1.0,0,2,0,0,0,0,0,0,0,0,0.5,0.5,0,1,5187.25,2596.509520009507,2029,8044,2.5,1.5,1,4,1,80,6,0,0,1,0.0,0.0,0.0,0.0,0.0,0.010281,0.0,0.0,-1,99.96505376344086,0,-1,0.0005648658333333333,0.037187
5,0.5,1,1,8,3,0.75,0.4,0.5,0.5,0.5,2,100,10000,7,5,1,2,2,1,0,0,1,7,3.5,1.5,2,5,2,0.5,0.5,0,1,7.0,0.0,7,7,1.0,0.0,1,1,1.0,1.0,0,2,1.0,1.0,0,2,0.5,0.5,0,1,0,0,0,0,0,0,0,0,0.5,0.5,0,1,5473.0,1777.128582854938,3003,7110,2.5,0.5,2,3,1,80,6,0,0,1,0.0,0.0,0.0,0.0,0.0,0.001515,0.0,0.0,-1,59.274193548387096,0,-1,0.00030104000000000003,0.02205
6,0.5,1,1,8,3,0.75,0.4,0.5,0.5,0.5,1,100,10000,7,5,1,0,0,0,1,3,2,7,2.3333333333333335,0.9428090415820634,1,3,3,0.3333333333333333,0.4714045207910317,0,1,3.0,0.0,3,3,1.0,0.0,1,1,0,0,0,0,0,0,0,0,0,0,0,0,0.3333333333333333,0.4714045207910317,0,1,1.0,0.816496580927726,0,2,0.6666666666666666,0.4714045207910317,0,1,5027.0,3255.4191742385497,456,7788,1.6666666666666667,0.4714045207910317,1,2,1,80,6,0,0,1,0.0,0.0,0.0,0.0,0.0,0.001212,0.0,0.0,-1,50.06989247311828,0,-1,0.0001966875,0.018626
7,0.5,1,1,8,3,0.75,0.4,0.4,0.4,0.5,2,100,10000,7,5,1,0,0,0,3,2,1,7,3.5,1.5,2,5,2,0.5,0.5,0,1,4.0,0.0,4,4,1.0,0.0,1,1,0,0,0,0,0,0,0,0,0,0,0,0,1.5,1.5,0,3,1.0,1.0,0,2,0.5,0.5,0,1,5179.5,2123.5,3056,7303,2.0,0.0,2,2,1,80,6,0,0,1,0.0,0.0,0.0,0.0,0.0,0.000466,0.0,0.0,-1,45.39784946236559,0,-1,0.00013216499999999998,0.016888
8,0.5,1,1,8,3,0.75,0.4,0.4,0.4,0.5,1,100,10000,7,5,0,2,2,1,0,0,1,6,6.0,0.0,6,6,1,0,0,0,0,0,0,0,0,0,0,0,0,2.0,0.0,2,2,2.0,0.0,2,2,1.0,0.0,1,1,0,0,0,0,0,0,0,0,1.0,0.0,1,1,5229.5,1463.5,3766,6693,3.0,0.0,3,3,1,80,6,0,0,1,0.0,0.0,0.0,0.0,0.0,0.000517,0.0,0.0,-1,76.95430107526882,0,-1,0.00029111833333333336,0.028627
9,0.5,1,1,8,3,0.25,0.5,0.5,0.5,0.5,2,100,10000,7,5,2,2,2,1,0,0,1,8,4.0,2.0,2,6,2,1.0,0.0,1,1,7.0,0.0,7,7,1.0,0.0,1,1,1.0,1.0,0,2,1.0,1.0,0,2,0.5,0.5,0,1,0,0,0,0,0,0,0,0,0.5,0.5,0,1,6214.0,1372.578109495655,4780,8064,2.5,0.5,2,3,1,80,6,0,0,1,0.0,0.0,0.0,0.0,0.0,0.00135,0.0,0.0,-1,73.73924731182795,0,-1,0.00036530833333333327,0.027431
10,0.5,1,1,8,3,0.25,0.5,0.5,0.5,0.5,1,100,10000,7,5,2,0,0,0,3,0,1,6,3.0,1.0,2,4,2,1.0,0.0,1,1,4.0,0.0,4,4,2.0,0.0,2,2,0,0,0,0,0,0,0,0,0,0,0,0,1.5,1.5,0,3,0,0,0,0,0.5,0.5,0,1,4878.0,2874.0,2004,7752,2.0,0.0,2,2,1,80,6,0,0,1,0.0,0.0,0.0,0.0,0.0,0.000479,0.0,0.0,-1,26.650537634408604,0,-1,0.00021384,0.009914
11,0.5,1,1,8,3,0.25,0.5,0.4,0.4,0.5,2,100,10000,7,5,2,2,2,1,0,0,0,7,7.0,0.0,7,7,1,2.0,0.0,2,2,3.5,1.5,2,5,2.0,0.0,2,2,2.0,0.0,2,2,2.0,0.0,2,2,1.0,0.0,1,1,0,0,0,0,0,0,0,0,0,0,0,0,7601.5,1762.5,5839,9364,3.0,0.0,3,3,1,80,6,0,0,1,0.0,0.0,0.0,0.0,0.0,0.000552,0.0,0.0,-1,80.2741935483871,0,-1,0.0003411483333333333,0.029862
12,0.5,1,1,8,3,0.25,0.5,0.4,0.4,0.5,1,100,10000,7,5,2,2,2,1,0,0,0,7,7.0,0.0,7,7,1,2.0,0.0,2,2,4.0,2.0,2,6,1.5,0.5,1,2,2.0,0.0,2,2,2.0,0.0,2,2,1.0,0.0,1,1,0,0,0,0,0,0,0,0,0,0,0,0,5618.5,2062.5,3556,7681,3.0,0.0,3,3,1,80,6,0,0,1,0.0,0.0,0.0,0.0,0.0,0.000561,0.0,0.0,-1,79.18548387096774,0,-1,0.00028436250000000003,0.029457
13,0.5,1,1,8,3,0.25,0.4,0.5,0.5,0.5,2,100,10000,7,5,2,2,2,1,0,0,0,7,7.0,0.0,7,7,1,2.0,0.0,2,2,1.5,0.5,1,2,1.5,0.5,1,2,2.0,0.0,2,2,2.0,0.0,2,2,1.0,0.0,1,1,0,0,0,0,0,0,0,0,0,0,0,0,1935.5,478.5,1457,2414,3.0,0.0,3,3,1,80,6,0,0,1,0.0,0.0,0.0,0.0,0.0,0.000602,0.0,0.0,-1,79.06989247311827,0,-1,9.483500000000001e-05,0.029414
14,0.5,1,1,8,3,0.25,0.4,0.5,0.5,0.5,1,100,10000,7,5,0,2,2,1,2,0,0,7,7.0,0.0,7,7,1,0,0,0,0,0,0,0,0,0,0,0,0,2.0,0.0,2,2,2.0,0.0,2,2,1.0,0.0,1,1,2.0,0.0,2,2,0,0,0,0,0,0,0,0,8139.5,928.5,7211,9068,3.0,0.0,3,3,1,80,6,0,0,1,0.0,0.0,0.0,0.0,0.0,0.00058,0.0,0.0,-1,84.81989247311827,0,-1,0.0004751658333333334,0.031553
15,0.5,1,1,8,3,0.25,0.4,0.4,0.4,0.5,2,100,10000,7,5,1,2,2,1,0,0,1,7,3.5,2.5,1,6,2,0.5,0.5,0,1,1.0,0.0,1,1,1.0,0.0,1,1,1.0,1.0,0,2,1.0,1.0,0,2,0.5,0.5,0,1,0,0,0,0,0,0,0,0,0.5,0.5,0,1,8392.0,1383.5753202000485,6457,9611,2.0,1.0,1,3,1,80,6,0,0,1,0.0,0.0,0.0,0.0,0.0,0.001357,0.0,0.0,-1,74.08064516129032,0,-1,0.0007091083333333333,0.027558
16,0.5,1,1,8,3,0.25,0.4,0.4,0.4,0.5,1,100,10000,7,5,1,0,0,0,3,0,1,5,2.5,1.5,1,4,2,0.5,0.5,0,1,7.0,0.0,7,7,2.0,0.0,2,2,0,0,0,0,0,0,0,0,0,0,0,0,1.5,1.5,0,3,0,0,0,0,0.5,0.5,0,1,6270.0,3669.0,2601,9939,1.5,0.5,1,2,1,80,6,0,0,1,0.0,0.0,0.0,0.0,0.0,0.000427,0.0,0.0,-1,28.440860215053764,0,-1,0.00020288499999999998,0.01058
17,0.5,1,1,8,3,0,0.5,0.5,0.5,0.5,2,100,10000,7,5,0,2,2,1,1,0,1,7,3.5,1.5,2,5,2,0,0,0,0,0,0,0,0,0,0,0,0,1.0,1.0,0,2,1.0,1.0,0,2,0.5,0.5,0,1,0.5,0.5,0,1,0,0,0,0,0.5,0.5,0,1,3394.3333333333335,1657.1922707465849,2165,5737,2.5,0.5,2,3,1,80,6,0,0,1,0.0,0.0,0.0,0.0,0.0,0.001458,0.0,0.0,-1,59.293010752688176,0,-1,0.00017980750000000002,0.022057
18,0.5,1,1,8,3,0,0.5,0.5,0.5,0.5,1,100,10000,7,5,2,2,2,1,0,0,0,7,7.0,0.0,7,7,1,2.0,0.0,2,2,5.5,1.5,4,7,1.0,0.0,1,1,2.0,0.0,2,2,2.0,0.0,2,2,1.0,0.0,1,1,0,0,0,0,0,0,0,0,0,0,0,0,8681.0,164.0,8517,8845,3.0,0.0,3,3,1,80,6,0,0,1,0.0,0.0,0.0,0.0,0.0,0.000576,0.0,0.0,-1,77.98118279569893,0,-1,0.00044551166666666664,0.029009
19,0.5,1,1,8,3,0,0.5,0.4,0.4,0.5,2,100,10000,7,5,2,2,2,1,1,0,0,8,2.6666666666666665,1.699673171197595,1,5,3,0.6666666666666666,0.4714045207910317,0,1,2.5,1.5,1,4,1.5,0.5,1,2,0.6666666666666666,0.9428090415820634,0,2,0.6666666666666666,0.9428090415820634,0,2,0.3333333333333333,0.4714045207910317,0,1,0.3333333333333333,0.4714045207910317,0,1,0,0,0,0,0,0,0,0,5717.25,1784.5931434083232,3613,8362,2.0,0.816496580927726,1,3,1,80,6,0,0,1,0.0,0.0,0.0,0.0,0.0,0.006794,0.0,0.0,-1,68.23924731182795,0,-1,0.0005063433333333333,0.025385
20,0.5,1,1,8,3,0,0.5,0.4,0.4,0.5,1,100,10000,7,5,2,2,2,1,1,0,1,9,4.5,1.5,3,6,2,1.0,0.0,1,1,2.0,1.0,1,3,1.5,0.5,1,2,1.0,1.0,0,2,1.0,1.0,0,2,0.5,0.5,0,1,0.5,0.5,0,1,0,0,0,0,0.5,0.5,0,1,5943.0,1644.3584361892229,3735,7679,2.5,0.5,2,3,1,80,6,0,0,1,0.0,0.0,0.0,0.0,0.0,0.001896,0.0,0.0,-1,74.6236559139785,0,-1,0.00045807166666666664,0.02776
21,0.5,1,1,8,3,0,0.4,0.5,0.5,0.5,2,100,10000,7,5,1,4,4,2,0,0,0,11,11.0,0.0,11,11,1,1.0,0.0,1,1,6.0,0.0,6,6,1.0,0.0,1,1,4.0,0.0,4,4,4.0,0.0,4,4,2.0,0.0,2,2,0,0,0,0,0,0,0,0,0,0,0,0,7290.333333333333,1913.850278597803,4673,9196,4.0,0.0,4,4,1,80,6,0,0,1,0.0,0.0,0.0,0.0,0.0,0.001735,0.0,0.0,-1,97.86559139784946,0,-1,0.0006793308333333335,0.036406
22,0.5,1,1,8,3,0,0.4,0.5,0.5,0.5,1,100,10000,7,5,2,2,2,1,0,0,0,7,3.5,2.5,1,6,2,1.0,0.0,1,1,2.5,0.5,2,3,1.5,0.5,1,2,1.0,1.0,0,2,1.0,1.0,0,2,0.5,0.5,0,1,0,0,0,0,0,0,0,0,0,0,0,0,5143.0,2567.3213017981734,2655,8677,2.0,1.0,1,3,1,80,6,0,0,1,0.0,0.0,0.0,0.0,0.0,0.000734,0.0,0.0,-1,76.61290322580645,0,-1,0.00041762416666666664,0.0285
23,0.5,1,1,8,3,0,0.4,0.4,0.4,0.5,2,100,10000,7,5,0,4,4,2,0,0,0,10,10.0,0.0,10,10,1,0,0,0,0,0,0,0,0,0,0,0,0,4.0,0.0,4,4,4.0,0.0,4,4,2.0,0.0,2,2,0,0,0,0,0,0,0,0,0,0,0,0,4521.0,1786.0565500565765,2282,6653,4.0,0.0,4,4,1,80,6,0,0,1,0.0,0.0,0.0,0.0,0.0,0.004319,0.0,0.0,-1,95.08064516129032,0,-1,0.00041987916666666664,0.03537
24,0.5,1,1,8,3,0,0.4,0.4,0.4,0.5,1,100,10000,7,5,1,0,0,0,1,2,2,6,3.0,0.0,3,3,2,0.5,0.5,0,1,3.0,0.0,3,3,1.0,0.0,1,1,0,0,0,0,0,0,0,0,0,0,0,0,0.5,0.5,0,1,1.0,0.0,1,1,1.0,0.0,1,1,8140.0,1158.0,6982,9298,2.0,0.0,2,2,1,80,6,0,0,1,0.0,0.0,0.0,0.0,0.0,0.000417,0.0,0.0,-1,45.706989247311824,0,-1,0.0003177666666666667,0.017003
25,0.5,10,2,32,4,0.75,0.5,0.5,0.5,0.5,2,100,10000,7,5,2,0,0,0,0,2,3,7,1.75,0.82915619758885,1,3,4,0.5,0.5,0,1,17.0,5.0,12,22,2.5,0.5,2,3,0,0,0,0,0,0,0,0,0,0,0,0,0,0,0,0,0.5,0.5,0,1,0.75,0.4330127018922193,0,1,5765.25,2030.5204228226812,2325,7509,1.5,0.5,1,2,1,80,6,0,0,1,0.0,0.0,0.0,0.0,0.0,0.001693,0.0,0.0,-1,38.26881720430107,0,-1,0.0003890566666666667,0.014236
26,0.5,10,2,32,4,0.75,0.5,0.5,0.5,0.5,1,100,10000,7,5,1,4,4,2,0,0,0,11,11.0,0.0,11,11,1,1.0,0.0,1,1,12.0,0.0,12,12,3.0,0.0,3,3,4.0,0.0,4,4,4.0,0.0,4,4,2.0,0.0,2,2,0,0,0,0,0,0,0,0,0,0,0,0,4623.0,2317.3788353798927,2226,7757,4.0,0.0,4,4,1,80,6,0,0,1,0.0,0.0,0.0,0.0,0.0,0.002197,0.0,0.0,-1,94.64247311827957,0,-1,0.0004636833333333333,0.035207
27,0.5,10,2,32,4,0.75,0.5,0.4,0.4,0.5,2,100,10000,7,5,2,2,2,1,0,0,0,7,7.0,0.0,7,7,1,2.0,0.0,2,2,23.5,3.5,20,27,2.0,0.0,2,2,2.0,0.0,2,2,2.0,0.0,2,2,1.0,0.0,1,1,0,0,0,0,0,0,0,0,0,0,0,0,6998.5,448.5,6550,7447,3.0,0.0,3,3,1,80,6,0,0,1,0.0,0.0,0.0,0.0,0.0,0.000677,0.0,0.0,-1,94.20430107526882,0,-1,0.0004231258333333333,0.035044
28,0.5,10,2,32,4,0.75,0.5,0.4,0.4,0.5,1,100,10000,7,5,1,4,4,2,0,0,0,11,11.0,0.0,11,11,1,1.0,0.0,1,1,26.0,0.0,26,26,2.0,0.0,2,2,4.0,0.0,4,4,4.0,0.0,4,4,2.0,0.0,2,2,0,0,0,0,0,0,0,0,0,0,0,0,7303.666666666667,2069.93483525985,4529,9499,4.0,0.0,4,4,1,80,6,0,0,1,0.0,0.0,0.0,0.0,0.0,0.002522,0.0,0.0,-1,94.64247311827957,0,-1,0.0007624991666666667,0.035207
29,0.5,10,2,32,4,0.75,0.4,0.5,0.5,0.5,2,100,10000,7,5,1,2,2,1,0,0,1,7,7.0,0.0,7,7,1,1.0,0.0,1,1,22.0,0.0,22,22,2.0,0.0,2,2,2.0,0.0,2,2,2.0,0.0,2,2,1.0,0.0,1,1,0,0,0,0,0,0,0,0,1.0,0.0,1,1,3890.0,2537.0,1353,6427,3.0,0.0,3,3,1,80,6,0,0,1,0.0,0.0,0.0,0.0,0.0,0.000396,0.0,0.0,-1,92.0241935483871,0,-1,0.0003131741666666667,0.034233
30,0.5,10,2,32,4,0.75,0.4,0.5,0.5,0.5,1,100,10000,7,5,0,4,4,2,0,0,0,10,10.0,0.0,10,10,1,0,0,0,0,0,0,0,0,0,0,0,0,4.0,0.0,4,4,4.0,0.0,4,4,2.0,0.0,2,2,0,0,0,0,0,0,0,0,0,0,0,0,5650.333333333333,2836.7096353972424,2544,9402,4.0,0.0,4,4,1,80,6,0,0,1,0.0,0.0,0.0,0.0,0.0,0.004741,0.0,0.0,-1,95.08064516129032,0,-1,0.0005181183333333333,0.03537
31,0.5,10,2,32,4,0.75,0.4,0.4,0.4,0.5,2,100,10000,7,5,0,2,2,1,0,0,0,5,5.0,0.0,5,5,1,0,0,0,0,0,0,0,0,0,0,0,0,2.0,0.0,2,2,2.0,0.0,2,2,1.0,0.0,1,1,0,0,0,0,0,0,0,0,0,0,0,0,5027.5,4075.5,952,9103,3.0,0.0,3,3,1,80,6,0,0,1,0.0,0.0,0.0,0.0,0.0,0.000486,0.0,0.0,-1,66.98924731182795,0,-1,0.00018151583333333334,0.02492
32,0.5,10,2,32,4,0.75,0.4,0.4,0.4,0.5,1,100,10000,7,5,1,2,2,1,1,0,1,8,4.0,2.0,2,6,2,0.5,0.5,0,1,18.0,0.0,18,18,2.0,0.0,2,2,1.0,1.0,0,2,1.0,1.0,0,2,0.5,0.5,0,1,0.5,0.5,0,1,0,0,0,0,0.5,0.5,0,1,5140.333333333333,1827.4456368263204,3184,7581,2.5,0.5,2,3,1,80,6,0,0,1,0.0,0.0,0.0,0.0,0.0,0.001777,0.0,0.0,-1,75.77956989247312,0,-1,0.0002510833333333333,0.02819
33,0.5,10,2,32,4,0.25,0.5,0.5,0.5,0.5,2,100,10000,7,5,1,4,4,2,0,0,0,11,11.0,0.0,11,11,1,1.0,0.0,1,1,29.0,0.0,29,29,2.0,0.0,2,2,4.0,0.0,4,4,4.0,0.0,4,4,2.0,0.0,2,2,0,0,0,0,0,0,0,0,0,0,0,0,5127.333333333333,2474.4139148942368,2842,8565,4.0,0.0,4,4,1,80,6,0,0,1,0.0,0.0,0.0,0.0,0.0,0.004626,0.0,0.0,-1,142.31182795698925,0,-1,0.0005216833333333334,0.05294
34,0.5,10,2,32,4,0.25,0.5,0.5,0.5,0.5,1,100,10000,7,5,1,4,4,2,0,0,0,11,11.0,0.0,11,11,1,1.0,0.0,1,1,19.0,0.0,19,19,3.0,0.0,3,3,4.0,0.0,4,4,4.0,0.0,4,4,2.0,0.0,2,2,0,0,0,0,0,0,0,0,0,0,0,0,6238.333333333333,3044.2652461454286,2084,9294,4.0,0.0,4,4,1,80,6,0,0,1,0.0,0.0,0.0,0.0,0.0,0.001677,0.0,0.0,-1,94.64247311827957,0,-1,0.000630145,0.035207
35,0.5,10,2,32,4,0.25,0.5,0.4,0.4,0.5,2,100,10000,7,5,2,2,2,1,0,0,0,7,7.0,0.0,7,7,1,2.0,0.0,2,2,24.5,3.5,21,28,3.0,0.0,3,3,2.0,0.0,2,2,2.0,0.0,2,2,1.0,0.0,1,1,0,0,0,0,0,0,0,0,0,0,0,0,5315.0,3850.0,1465,9165,3.0,0.0,3,3,1,80,6,0,0,1,0.0,0.0,0.0,0.0,0.0,0.000827,0.0,0.0,-1,94.20430107526882,0,-1,0.0003427208333333333,0.035044
36,0.5,10,2,32,4,0.25,0.5,0.4,0.4,0.5,1,100,10000,7,5,1,4,4,2,0,0,0,11,11.0,0.0,11,11,1,1.0,0.0,1,1,23.0,0.0,23,23,2.0,0.0,2,2,4.0,0.0,4,4,4.0,0.0,4,4,2.0,0.0,2,2,0,0,0,0,0,0,0,0,0,0,0,0,5382.0,2387.119742842128,2552,8391,4.0,0.0,4,4,1,80,6,0,0,1,0.0,0.0,0.0,0.0,0.0,0.001964,0.0,0.0,-1,94.64247311827957,0,-1,0.0005299541666666667,0.035207
37,0.5,10,2,32,4,0.25,0.4,0.5,0.5,0.5,2,100,10000,7,5,1,2,2,1,0,0,1,7,7.0,0.0,7,7,1,1.0,0.0,1,1,22.0,0.0,22,22,2.0,0.0,2,2,2.0,0.0,2,2,2.0,0.0,2,2,1.0,0.0,1,1,0,0,0,0,0,0,0,0,1.0,0.0,1,1,5773.0,2895.0,2878,8668,3.0,0.0,3,3,1,80,6,0,0,1,0.0,0.0,0.0,0.0,0.0,0.000782,0.0,0.0,-1,92.0241935483871,0,-1,0.00043317333333333334,0.034233
38,0.5,10,2,32,4,0.25,0.4,0.5,0.5,0.5,1,100,10000,7,5,1,2,2,1,1,0,0,7,7.0,0.0,7,7,1,1.0,0.0,1,1,20.0,0.0,20,20,3.0,0.0,3,3,2.0,0.0,2,2,2.0,0.0,2,2,1.0,0.0,1,1,1.0,0.0,1,1,0,0,0,0,0,0,0,0,7597.5,1410.5,6187,9008,3.0,0.0,3,3,1,80,6,0,0,1,0.0,0.0,0.0,0.0,0.0,0.000524,0.0,0.0,-1,87.30913978494624,0,-1,0.00040990166666666665,0.032479
39,0.5,10,2,32,4,0.25,0.4,0.4,0.4,0.5,2,100,10000,7,5,0,4,4,2,0,1,0,11,5.5,4.5,1,10,2,0,0,0,0,0,0,0,0,0,0,0,0,2.0,2.0,0,4,2.0,2.0,0,4,1.0,1.0,0,2,0,0,0,0,0.5,0.5,0,1,0,0,0,0,6461.75,2695.5238243243184,2555,9273,2.5,1.5,1,4,1,80,6,0,0,1,0.0,0.0,0.0,0.0,0.0,0.018373,0.0,0.0,-1,79.54838709677419,0,-1,0.0006089358333333333,0.029592
40,0.5,10,2,32,4,0.25,0.4,0.4,0.4,0.5,1,100,10000,7,5,3,2,2,1,0,1,1,10,3.3333333333333335,2.0548046676563256,1,6,3,1.0,0.0,1,1,16.0,2.160246899469287,14,19,2.3333333333333335,0.4714045207910317,2,3,0.6666666666666666,0.9428090415820634,0,2,0.6666666666666666,0.9428090415820634,0,2,0.3333333333333333,0.4714045207910317,0,1,0,0,0,0,0.3333333333333333,0.4714045207910317,0,1,0.3333333333333333,0.4714045207910317,0,1,4565.0,2061.3225123691827,2349,7726,2.0,0.816496580927726,1,3,1,80,6,0,0,1,0.0,0.0,0.0,0.0,0.0,0.00559,0.0,0.0,-1,86.12903225806451,0,-1,0.00039493583333333334,0.03204
41,0.5,10,2,32,4,0,0.5,0.5,0.5,0.5,2,100,10000,7,5,1,4,4,2,0,0,0,11,11.0,0.0,11,11,1,1.0,0.0,1,1,19.0,0.0,19,19,2.0,0.0,2,2,4.0,0.0,4,4,4.0,0.0,4,4,2.0,0.0,2,2,0,0,0,0,0,0,0,0,0,0,0,0,5064.666666666667,3242.0284116926277,525,7891,4.0,0.0,4,4,1,80,6,0,0,1,0.0,0.0,0.0,0.0,0.0,0.003551,0.0,0.0,-1,121.5241935483871,0,-1,0.0005559191666666667,0.045207
42,0.5,10,2,32,4,0,0.5,0.5,0.5,0.5,1,100,10000,7,5,1,2,2,1,0,1,0,7,7.0,0.0,7,7,1,1.0,0.0,1,1,25.0,0.0,25,25,3.0,0.0,3,3,2.0,0.0,2,2,2.0,0.0,2,2,1.0,0.0,1,1,0,0,0,0,1.0,0.0,1,1,0,0,0,0,4886.0,4081.0,805,8967,3.0,0.0,3,3,1,80,6,0,0,1,0.0,0.0,0.0,0.0,0.0,0.000619,0.0,0.0,-1,82.6236559139785,0,-1,0.00033732416666666664,0.030736
43,0.5,10,2,32,4,0,0.5,0.4,0.4,0.5,2,100,10000,7,5,1,2,2,1,0,0,1,7,7.0,0.0,7,7,1,1.0,0.0,1,1,12.0,0.0,12,12,3.0,0.0,3,3,2.0,0.0,2,2,2.0,0.0,2,2,1.0,0.0,1,1,0,0,0,0,0,0,0,0,1.0,0.0,1,1,8778.5,788.5,7990,9567,3.0,0.0,3,3,1,80,6,0,0,1,0.0,0.0,0.0,0.0,0.0,0.000564,0.0,0.0,-1,87.56182795698925,0,-1,0.0005133058333333334,0.032573
44,0.5,10,2,32,4,0,0.5,0.4,0.4,0.5,1,100,10000,7,5,2,0,0,0,3,0,1,6,2.0,0.816496580927726,1,3,3,0.6666666666666666,0.4714045207910317,0,1,18.5,3.5,15,22,2.5,0.5,2,3,0,0,0,0,0,0,0,0,0,0,0,0,1.0,0.816496580927726,0,2,0,0,0,0,0.3333333333333333,0.4714045207910317,0,1,3885.6666666666665,2395.0048480581877,529,5956,1.6666666666666667,0.4714045207910317,1,2,1,80,6,0,0,1,0.0,0.0,0.0,0.0,0.0,0.000797,0.0,0.0,-1,31.846774193548388,0,-1,0.0001437525,0.011847
45,0.5,10,2,32,4,0,0.4,0.5,0.5,0.5,2,100,10000,7,5,0,4,4,2,0,0,0,10,10.0,0.0,10,10,1,0,0,0,0,0,0,0,0,0,0,0,0,4.0,0.0,4,4,4.0,0.0,4,4,2.0,0.0,2,2,0,0,0,0,0,0,0,0,0,0,0,0,4929.666666666667,2353.7784281637237,1617,6869,4.0,0.0,4,4,1,80,6,0,0,1,0.0,0.0,0.0,0.0,0.0,0.003961,0.0,0.0,-1,95.08064516129032,0,-1,0.0004443408333333333,0.03537
46,0.5,10,2,32,4,0,0.4,0.5,0.5,0.5,1,100,10000,7,5,1,4,4,2,0,0,0,11,11.0,0.0,11,11,1,1.0,0.0,1,1,28.0,0.0,28,28,2.0,0.0,2,2,4.0,0.0,4,4,4.0,0.0,4,4,2.0,0.0,2,2,0,0,0,0,0,0,0,0,0,0,0,0,6654.666666666667,1133.1491026731164,5555,8214,4.0,0.0,4,4,1,80,6,0,0,1,0.0,0.0,0.0,0.0,0.0,0.00469,0.0,0.0,-1,142.31182795698925,0,-1,0.0006459658333333334,0.05294
47,0.5,10,2,32,4,0,0.4,0.4,0.4,0.5,2,100,10000,7,5,1,2,2,1,1,1,1,9,4.5,1.5,3,6,2,0.5,0.5,0,1,27.0,0.0,27,27,2.0,0.0,2,2,1.0,1.0,0,2,1.0,1.0,0,2,0.5,0.5,0,1,0.5,0.5,0,1,0.5,0.5,0,1,0.5,0.5,0,1,5017.333333333333,3499.257095759359,2125,9941,2.5,0.5,2,3,1,80,6,0,0,1,0.0,0.0,0.0,0.0,0.0,0.001523,0.0,0.0,-1,88.43010752688173,0,-1,0.000363695,0.032896
48,0.5,10,2,32,4,0,0.4,0.4,0.4,0.5,1,100,10000,7,5,1,2,2,1,0,0,1,7,7.0,0.0,7,7,1,1.0,0.0,1,1,21.0,0.0,21,21,3.0,0.0,3,3,2.0,0.0,2,2,2.0,0.0,2,2,1.0,0.0,1,1,0,0,0,0,0,0,0,0,1.0,0.0,1,1,5906.0,2878.0,3028,8784,3.0,0.0,3,3,1,80,6,0,0,1,0.0,0.0,0.0,0.0,0.0,0.000485,0.0,0.0,-1,92.0241935483871,0,-1,0.0003286266666666667,0.034233
49,0.4,1,1,8,3,0.75,0.5,0.5,0.5,0.5,2,100,10000,7,5,0,2,2,1,0,1,1,7,7.0,0.0,7,7,1,0,0,0,0,0,0,0,0,0,0,0,0,2.0,0.0,2,2,2.0,0.0,2,2,1.0,0.0,1,1,0,0,0,0,1.0,0.0,1,1,1.0,0.0,1,1,4074.0,57.0,4017,4131,3.0,0.0,3,3,1,80,6,0,0,1,0.0,0.0,0.0,0.0,0.0,0.000473,0.0,0.0,-1,95.08333333333333,0,-1,0.0002355375,0.035371
50,0.4,1,1,8,3,0.75,0.5,0.5,0.5,0.5,1,100,10000,7,5,0,2,2,1,1,1,0,7,3.5,1.5,2,5,2,0,0,0,0,0,0,0,0,0,0,0,0,1.0,1.0,0,2,1.0,1.0,0,2,0.5,0.5,0,1,0.5,0.5,0,1,0.5,0.5,0,1,0,0,0,0,4073.6666666666665,3840.5105852680003,1204,9502,2.5,0.5,2,3,1,80,6,0,0,1,0.0,0.0,0.0,0.0,0.0,0.001364,0.0,0.0,-1,72.39247311827957,0,-1,0.0002666358333333333,0.02693
51,0.4,1,1,8,3,0.75,0.5,0.4,0.4,0.5,2,100,10000,7,5,1,2,2,1,1,0,0,7,7.0,0.0,7,7,1,1.0,0.0,1,1,7.0,0.0,7,7,1.0,0.0,1,1,2.0,0.0,2,2,2.0,0.0,2,2,1.0,0.0,1,1,1.0,0.0,1,1,0,0,0,0,0,0,0,0,6594.5,462.5,6132,7057,3.0,0.0,3,3,1,80,6,0,0,1,0.0,0.0,0.0,0.0,0.0,0.000596,0.0,0.0,-1,85.08602150537635,0,-1,0.0004422316666666667,0.031652
52,0.4,1,1,8,3,0.75,0.5,0.4,0.4,0.5,1,100,10000,7,5,0,2,2,1,0,0,0,5,5.0,0.0,5,5,1,0,0,0,0,0,0,0,0,0,0,0,0,2.0,0.0,2,2,2.0,0.0,2,2,1.0,0.0,1,1,0,0,0,0,0,0,0,0,0,0,0,0,3018.0,34.0,2984,3052,3.0,0.0,3,3,1,80,6,0,0,1,0.0,0.0,0.0,0.0,0.0,0.000523,0.0,0.0,-1,68.76075268817205,0,-1,0.00014106666666666666,0.025579
53,0.4,1,1,8,3,0.75,0.4,0.5,0.5,0.5,2,100,10000,7,5,2,0,0,0,2,2,1,7,3.5,0.5,3,4,2,1.0,0.0,1,1,1.0,0.0,1,1,2.0,0.0,2,2,0,0,0,0,0,0,0,0,0,0,0,0,1.0,0.0,1,1,1.0,0.0,1,1,0.5,0.5,0,1,2153.5,1413.5,740,3567,2.0,0.0,2,2,1,80,6,0,0,1,0.0,0.0,0.0,0.0,0.0,0.000593,0.0,0.0,-1,37.454301075268816,0,-1,0.00011042583333333333,0.013933
54,0.4,1,1,8,3,0.75,0.4,0.5,0.5,0.5,1,100,10000,7,5,0,2,2,1,0,0,1,6,6.0,0.0,6,6,1,0,0,0,0,0,0,0,0,0,0,0,0,2.0,0.0,2,2,2.0,0.0,2,2,1.0,0.0,1,1,0,0,0,0,0,0,0,0,1.0,0.0,1,1,2547.0,493.0,2054,3040,3.0,0.0,3,3,1,80,6,0,0,1,0.0,0.0,0.0,0.0,0.0,0.000516,0.0,0.0,-1,76.95430107526882,0,-1,0.00014337166666666666,0.028627
55,0.4,1,1,8,3,0.75,0.4,0.4,0.4,0.5,2,100,10000,7,5,2,0,0,0,0,2,1,5,1.6666666666666667,0.9428090415820634,1,3,3,0.6666666666666666,0.4714045207910317,0,1,4.0,3.0,1,7,1.5,0.5,1,2,0,0,0,0,0,0,0,0,0,0,0,0,0,0,0,0,0.6666666666666666,0.9428090415820634,0,2,0.3333333333333333,0.4714045207910317,0,1,3891.3333333333335,2537.13675013565,967,7154,1.3333333333333333,0.4714045207910317,1,2,1,80,6,0,0,1,0.0,0.0,0.0,0.0,0.0,0.000654,0.0,0.0,-1,40.14784946236559,0,-1,0.0001414325,0.014935
56,0.4,1,1,8,3,0.75,0.4,0.4,0.4,0.5,1,100,10000,7,5,1,2,2,1,0,0,1,7,3.5,2.5,1,6,2,0.5,0.5,0,1,7.0,0.0,7,7,1.0,0.0,1,1,1.0,1.0,0,2,1.0,1.0,0,2,0.5,0.5,0,1,0,0,0,0,0,0,0,0,0.5,0.5,0,1,6443.0,2583.89744378526,3231,9558,2.0,1.0,1,3,1,80,6,0,0,1,0.0,0.0,0.0,0.0,0.0,0.001027,0.0,0.0,-1,83.28225806451613,0,-1,0.0004411275,0.030981
57,0.4,1,1,8,3,0.25,0.5,0.5,0.5,0.5,2,100,10000,7,5,1,2,2,1,0,0,2,8,2.6666666666666665,1.699673171197595,1,5,3,0.3333333333333333,0.4714045207910317,0,1,6.0,0.0,6,6,2.0,0.0,2,2,0.6666666666666666,0.9428090415820634,0,2,0.6666666666666666,0.9428090415820634,0,2,0.3333333333333333,0.4714045207910317,0,1,0,0,0,0,0,0,0,0,0.6666666666666666,0.4714045207910317,0,1,8810.0,963.9100061727754,7669,9958,2.0,0.816496580927726,1,3,1,80,6,0,0,1,0.0,0.0,0.0,0.0,0.0,0.005792,0.0,0.0,-1,60.47849462365591,0,-1,0.0007275325,0.022498
58,0.4,1,1,8,3,0.25,0.5,0.5,0.5,0.5,1,100,10000,7,5,2,2,2,1,0,0,0,7,7.0,0.0,7,7,1,2.0,0.0,2,2,2.5,0.5,2,3,1.5,0.5,1,2,2.0,0.0,2,2,2.0,0.0,2,2,1.0,0.0,1,1,0,0,0,0,0,0,0,0,0,0,0,0,4652.0,613.0,4039,5265,3.0,0.0,3,3,1,80,6,0,0,1,0.0,0.0,0.0,0.0,0.0,0.00053,0.0,0.0,-1,79.06989247311827,0,-1,0.00022106083333333333,0.029414
59,0.4,1,1,8,3,0.25,0.5,0.4,0.4,0.5,2,100,10000,7,5,1,2,2,1,0,1,0,7,3.5,2.5,1,6,2,0.5,0.5,0,1,6.0,0.0,6,6,2.0,0.0,2,2,1.0,1.0,0,2,1.0,1.0,0,2,0.5,0.5,0,1,0,0,0,0,0.5,0.5,0,1,0,0,0,0,6752.666666666667,2889.6978311850457,2773,9547,2.0,1.0,1,3,1,80,6,0,0,1,0.0,0.0,0.0,0.0,0.0,0.000672,0.0,0.0,-1,94.18817204301075,0,-1,0.00039782166666666667,0.035038
60,0.4,1,1,8,3,0.25,0.5,0.4,0.4,0.5,1,100,10000,7,5,1,2,2,1,0,0,1,7,7.0,0.0,7,7,1,1.0,0.0,1,1,3.0,0.0,3,3,2.0,0.0,2,2,2.0,0.0,2,2,2.0,0.0,2,2,1.0,0.0,1,1,0,0,0,0,0,0,0,0,1.0,0.0,1,1,1699.0,1119.0,580,2818,3.0,0.0,3,3,1,80,6,0,0,1,0.0,0.0,0.0,0.0,0.0,0.000608,0.0,0.0,-1,79.17204301075269,0,-1,8.674666666666667e-05,0.029452
61,0.4,1,1,8,3,0.25,0.4,0.5,0.5,0.5,2,100,10000,7,5,1,2,2,1,0,0,0,6,6.0,0.0,6,6,1,1.0,0.0,1,1,2.0,0.0,2,2,1.0,0.0,1,1,2.0,0.0,2,2,2.0,0.0,2,2,1.0,0.0,1,1,0,0,0,0,0,0,0,0,0,0,0,0,4745.5,3690.5,1055,8436,3.0,0.0,3,3,1,80,6,0,0,1,0.0,0.0,0.0,0.0,0.0,0.000376,0.0,0.0,-1,69.7741935483871,0,-1,0.00019421916666666667,0.025956
62,0.4,1,1,8,3,0.25,0.4,0.5,0.5,0.5,1,100,10000,7,5,0,0,0,0,4,3,0,7,7.0,0.0,7,7,1,0,0,0,0,0,0,0,0,0,0,0,0,0,0,0,0,0,0,0,0,0,0,0,0,4.0,0.0,4,4,3.0,0.0,3,3,0,0,0,0,2737.0,0.0,2737,2737,2.0,0.0,2,2,1,80,6,0,0,1,0.0,0.0,0.0,0.0,0.0,0.000327,0.0,0.0,-1,58.443548387096776,0,-1,6.15825e-05,0.021741
63,0.4,1,1,8,3,0.25,0.4,0.4,0.4,0.5,2,100,10000,7,5,1,4,4,2,0,0,0,11,11.0,0.0,11,11,1,1.0,0.0,1,1,4.0,0.0,4,4,2.0,0.0,2,2,4.0,0.0,4,4,4.0,0.0,4,4,2.0,0.0,2,2,0,0,0,0,0,0,0,0,0,0,0,0,5555.333333333333,3949.754450876943,195,9596,4.0,0.0,4,4,1,80,6,0,0,1,0.0,0.0,0.0,0.0,0.0,0.003108,0.0,0.0,-1,122.59677419354838,0,-1,0.0005369175,0.045606
64,0.4,1,1,8,3,0.25,0.4,0.4,0.4,0.5,1,100,10000,7,5,1,2,2,1,0,0,1,7,7.0,0.0,7,7,1,1.0,0.0,1,1,3.0,0.0,3,3,2.0,0.0,2,2,2.0,0.0,2,2,2.0,0.0,2,2,1.0,0.0,1,1,0,0,0,0,0,0,0,0,1.0,0.0,1,1,6258.0,1668.0,4590,7926,3.0,0.0,3,3,1,80,6,0,0,1,0.0,0.0,0.0,0.0,0.0,0.000538,0.0,0.0,-1,79.17204301075269,0,-1,0.000351485,0.029452
65,0.4,1,1,8,3,0,0.5,0.5,0.5,0.5,2,100,10000,7,5,2,2,2,1,0,0,0,7,7.0,0.0,7,7,1,2.0,0.0,2,2,5.5,0.5,5,6,2.0,0.0,2,2,2.0,0.0,2,2,2.0,0.0,2,2,1.0,0.0,1,1,0,0,0,0,0,0,0,0,0,0,0,0,7105.5,2197.5,4908,9303,3.0,0.0,3,3,1,80,6,0,0,1,0.0,0.0,0.0,0.0,0.0,0.000796,0.0,0.0,-1,80.2741935483871,0,-1,0.00040502500000000005,0.029862
66,0.4,1,1,8,3,0,0.5,0.5,0.5,0.5,1,100,10000,7,5,1,4,4,2,0,0,0,11,11.0,0.0,11,11,1,1.0,0.0,1,1,6.0,0.0,6,6,2.0,0.0,2,2,4.0,0.0,4,4,4.0,0.0,4,4,2.0,0.0,2,2,0,0,0,0,0,0,0,0,0,0,0,0,4629.0,1478.9570649616574,2543,5804,4.0,0.0,4,4,1,80,6,0,0,1,0.0,0.0,0.0,0.0,0.0,0.004492,0.0,0.0,-1,136.7715053763441,0,-1,0.00044386249999999995,0.050879
67,0.4,1,1,8,3,0,0.5,0.4,0.4,0.5,2,100,10000,7,5,1,4,4,2,0,0,0,11,11.0,0.0,11,11,1,1.0,0.0,1,1,3.0,0.0,3,3,1.0,0.0,1,1,4.0,0.0,4,4,4.0,0.0,4,4,2.0,0.0,2,2,0,0,0,0,0,0,0,0,0,0,0,0,7501.666666666667,1809.353537101642,5092,9452,4.0,0.0,4,4,1,80,6,0,0,1,0.0,0.0,0.0,0.0,0.0,0.00469,0.0,0.0,-1,135.68279569892474,0,-1,0.0007437166666666667,0.050474
68,0.4,1,1,8,3,0,0.5,0.4,0.4,0.5,1,100,10000,7,5,1,2,2,1,0,0,1,7,3.5,2.5,1,6,2,0.5,0.5,0,1,3.0,0.0,3,3,1.0,0.0,1,1,1.0,1.0,0,2,1.0,1.0,0,2,0.5,0.5,0,1,0,0,0,0,0,0,0,0,0.5,0.5,0,1,6116.0,2562.297536717129,3293,9495,2.0,1.0,1,3,1,80,6,0,0,1,0.0,0.0,0.0,0.0,0.0,0.001077,0.0,0.0,-1,74.08064516129032,0,-1,0.0004356408333333333,0.027558
69,0.4,1,1,8,3,0,0.4,0.5,0.5,0.5,2,100,10000,7,5,2,0,0,0,1,1,1,5,1.6666666666666667,0.9428090415820634,1,3,3,0.6666666666666666,0.4714045207910317,0,1,3.0,0.0,3,3,2.0,0.0,2,2,0,0,0,0,0,0,0,0,0,0,0,0,0.3333333333333333,0.4714045207910317,0,1,0.3333333333333333,0.4714045207910317,0,1,0.3333333333333333,0.4714045207910317,0,1,5034.333333333333,2757.7051248375988,1517,8252,1.3333333333333333,0.4714045207910317,1,2,1,80,6,0,0,1,0.0,0.0,0.0,0.0,0.0,0.000613,0.0,0.0,-1,29.650537634408604,0,-1,0.0002824358333333333,0.01103
70,0.4,1,1,8,3,0,0.4,0.5,0.5,0.5,1,100,10000,7,5,1,2,2,1,0,1,0,7,7.0,0.0,7,7,1,1.0,0.0,1,1,1.0,0.0,1,1,2.0,0.0,2,2,2.0,0.0,2,2,2.0,0.0,2,2,1.0,0.0,1,1,0,0,0,0,1.0,0.0,1,1,0,0,0,0,3946.5,460.5,3486,4407,3.0,0.0,3,3,1,80,6,0,0,1,0.0,0.0,0.0,0.0,0.0,0.00049,0.0,0.0,-1,88.8736559139785,0,-1,0.00019031,0.033061
71,0.4,1,1,8,3,0,0.4,0.4,0.4,0.5,2,100,10000,7,5,1,2,2,1,0,1,0,7,3.5,2.5,1,6,2,0.5,0.5,0,1,5.0,0.0,5,5,1.0,0.0,1,1,1.0,1.0,0,2,1.0,1.0,0,2,0.5,0.5,0,1,0,0,0,0,0.5,0.5,0,1,0,0,0,0,5146.333333333333,2034.1939162451768,2273,6705,2.0,1.0,1,3,1,80,6,0,0,1,0.0,0.0,0.0,0.0,0.0,0.000759,0.0,0.0,-1,65.30913978494624,0,-1,0.00036889666666666665,0.024295
72,0.4,1,1,8,3,0,0.4,0.4,0.4,0.5,1,100,10000,7,5,1,4,4,2,0,0,0,11,11.0,0.0,11,11,1,1.0,0.0,1,1,6.0,0.0,6,6,2.0,0.0,2,2,4.0,0.0,4,4,4.0,0.0,4,4,2.0,0.0,2,2,0,0,0,0,0,0,0,0,0,0,0,0,3207.3333333333335,2217.676311417476,687,6084,4.0,0.0,4,4,1,80,6,0,0,1,0.0,0.0,0.0,0.0,0.0,0.003062,0.0,0.0,-1,151.44623655913978,0,-1,0.00032294416666666666,0.056338
73,0.4,10,2,32,4,0.75,0.5,0.5,0.5,0.5,2,100,10000,7,5,0,2,2,1,1,0,1,7,3.5,1.5,2,5,2,0,0,0,0,0,0,0,0,0,0,0,0,1.0,1.0,0,2,1.0,1.0,0,2,0.5,0.5,0,1,0.5,0.5,0,1,0,0,0,0,0.5,0.5,0,1,6670.666666666667,1694.7435073059155,4274,7884,2.5,0.5,2,3,1,80,6,0,0,1,0.0,0.0,0.0,0.0,0.0,0.001318,0.0,0.0,-1,59.293010752688176,0,-1,0.0004440783333333333,0.022057
74,0.4,10,2,32,4,0.75,0.5,0.5,0.5,0.5,1,100,10000,7,5,2,2,2,1,0,0,1,8,4.0,2.0,2,6,2,1.0,0.0,1,1,19.5,5.5,14,25,2.5,0.5,2,3,1.0,1.0,0,2,1.0,1.0,0,2,0.5,0.5,0,1,0,0,0,0,0,0,0,0,0.5,0.5,0,1,3213.3333333333335,2216.9915551385297,578,6002,2.5,0.5,2,3,1,80,6,0,0,1,0.0,0.0,0.0,0.0,0.0,0.001426,0.0,0.0,-1,82.51075268817205,0,-1,0.00022700166666666667,0.030694
75,0.4,10,2,32,4,0.75,0.5,0.4,0.4,0.5,2,100,10000,7,5,0,4,4,2,0,0,0,10,5.0,0.0,5,5,2,0,0,0,0,0,0,0,0,0,0,0,0,2.0,0.0,2,2,2.0,0.0,2,2,1.0,0.0,1,1,0,0,0,0,0,0,0,0,0,0,0,0,6031.75,1377.305226701765,4127,7999,3.0,0.0,3,3,1,80,6,0,0,1,0.0,0.0,0.0,0.0,0.0,0.05215,0.0,0.0,-1,68.76075268817205,0,-1,0.0006365191666666667,0.025579
76,0.4,10,2,32,4,0.75,0.5,0.4,0.4,0.5,1,100,10000,7,5,1,2,2,1,0,0,1,7,7.0,0.0,7,7,1,1.0,0.0,1,1,12.0,0.0,12,12,2.0,0.0,2,2,2.0,0.0,2,2,2.0,0.0,2,2,1.0,0.0,1,1,0,0,0,0,0,0,0,0,1.0,0.0,1,1,4448.0,3716.0,732,8164,3.0,0.0,3,3,1,80,6,0,0,1,0.0,0.0,0.0,0.0,0.0,0.000572,0.0,0.0,-1,82.71505376344086,0,-1,0.00024037,0.03077
77,0.4,10,2,32,4,0.75,0.4,0.5,0.5,0.5,2,100,10000,7,5,1,2,2,1,1,0,1,8,4.0,1.0,3,5,2,0.5,0.5,0,1,27.0,0.0,27,27,3.0,0.0,3,3,1.0,1.0,0,2,1.0,1.0,0,2,0.5,0.5,0,1,0.5,0.5,0,1,0,0,0,0,0.5,0.5,0,1,3786.0,1343.149284331418,2001,5241,2.5,0.5,2,3,1,80,6,0,0,1,0.0,0.0,0.0,0.0,0.0,0.0027,0.0,0.0,-1,82.86290322580645,0,-1,0.00030305750000000003,0.030825
78,0.4,10,2,32,4,0.75,0.4,0.5,0.5,0.5,1,100,10000,7,5,1,2,2,1,0,0,2,8,2.6666666666666665,1.699673171197595,1,5,3,0.3333333333333333,0.4714045207910317,0,1,13.0,0.0,13,13,2.0,0.0,2,2,0.6666666666666666,0.9428090415820634,0,2,0.6666666666666666,0.9428090415820634,0,2,0.3333333333333333,0.4714045207910317,0,1,0,0,0,0,0,0,0,0,0.6666666666666666,0.4714045207910317,0,1,3656.0,1941.7331176039615,364,5202,2.0,0.816496580927726,1,3,1,80,6,0,0,1,0.0,0.0,0.0,0.0,0.0,0.005482,0.0,0.0,-1,60.47849462365591,0,-1,0.00030888916666666665,0.022498
79,0.4,10,2,32,4,0.75,0.4,0.4,0.4,0.5,2,100,10000,7,5,0,4,4,2,0,0,0,10,10.0,0.0,10,10,1,0,0,0,0,0,0,0,0,0,0,0,0,4.0,0.0,4,4,4.0,0.0,4,4,2.0,0.0,2,2,0,0,0,0,0,0,0,0,0,0,0,0,6281.666666666667,2310.063827882011,3128,8597,4.0,0.0,4,4,1,80,6,0,0,1,0.0,0.0,0.0,0.0,0.0,0.00378,0.0,0.0,-1,95.08064516129032,0,-1,0.0005463075,0.03537
80,0.4,10,2,32,4,0.75,0.4,0.4,0.4,0.5,1,100,10000,7,5,2,0,0,0,0,1,2,5,1.25,0.4330127018922193,1,2,4,0.5,0.5,0,1,17.0,5.0,12,22,2.5,0.5,2,3,0,0,0,0,0,0,0,0,0,0,0,0,0,0,0,0,0.25,0.4330127018922193,0,1,0.5,0.5,0,1,5225.5,1821.6608493350236,3251,8170,1.25,0.4330127018922193,1,2,1,80,6,0,0,1,0.0,0.0,0.0,0.0,0.0,0.001027,0.0,0.0,-1,37.954301075268816,0,-1,0.00021315,0.014119
81,0.4,10,2,32,4,0.25,0.5,0.5,0.5,0.5,2,100,10000,7,5,1,2,2,1,0,0,2,8,2.6666666666666665,1.699673171197595,1,5,3,0.3333333333333333,0.4714045207910317,0,1,27.0,0.0,27,27,2.0,0.0,2,2,0.6666666666666666,0.9428090415820634,0,2,0.6666666666666666,0.9428090415820634,0,2,0.3333333333333333,0.4714045207910317,0,1,0,0,0,0,0,0,0,0,0.6666666666666666,0.4714045207910317,0,1,5391.0,849.3632909421033,4001,6237,2.0,0.816496580927726,1,3,1,80,6,0,0,1,0.0,0.0,0.0,0.0,0.0,0.005647,0.0,0.0,-1,72.9758064516129,0,-1,0.0005109725,0.027147
82,0.4,10,2,32,4,0.25,0.5,0.5,0.5,0.5,1,100,10000,7,5,0,4,4,2,0,1,0,11,5.5,4.5,1,10,2,0,0,0,0,0,0,0,0,0,0,0,0,2.0,2.0,0,4,2.0,2.0,0,4,1.0,1.0,0,2,0,0,0,0,0.5,0.5,0,1,0,0,0,0,3724.25,1597.4901212527107,1925,6176,2.5,1.5,1,4,1,80,6,0,0,1,0.0,0.0,0.0,0.0,0.0,0.019173,0.0,0.0,-1,79.54838709677419,0,-1,0.00042709,0.029592
83,0.4,10,2,32,4,0.25,0.5,0.4,0.4,0.5,2,100,10000,7,5,1,4,4,2,0,0,0,11,11.0,0.0,11,11,1,1.0,0.0,1,1,25.0,0.0,25,25,2.0,0.0,2,2,4.0,0.0,4,4,4.0,0.0,4,4,2.0,0.0,2,2,0,0,0,0,0,0,0,0,0,0,0,0,5831.0,2364.231940116423,2948,8739,4.0,0.0,4,4,1,80,6,0,0,1,0.0,0.0,0.0,0.0,0.0,0.004501,0.0,0.0,-1,142.31182795698925,0,-1,0.0006432666666666666,0.05294
84,0.4,10,2,32,4,0.25,0.5,0.4,0.4,0.5,1,100,10000,7,5,3,0,0,0,2,2,0,7,2.3333333333333335,1.247219128924647,1,4,3,1.0,0.0,1,1,20.333333333333332,4.189935029992178,16,26,3.0,0.0,3,3,0,0,0,0,0,0,0,0,0,0,0,0,0.6666666666666666,0.9428090415820634,0,2,0.6666666666666666,0.4714045207910317,0,1,0,0,0,0,8403.333333333334,401.51739965065303,8011,8955,1.6666666666666667,0.4714045207910317,1,2,1,80,6,0,0,1,0.0,0.0,0.0,0.0,0.0,0.001083,0.0,0.0,-1,31.868279569892472,0,-1,0.00043157666666666667,0.011855
85,0.4,10,2,32,4,0.25,0.4,0.5,0.5,0.5,2,100,10000,7,5,2,2,2,1,0,1,0,8,4.0,2.0,2,6,2,1.0,0.0,1,1,27.0,1.0,26,28,3.0,0.0,3,3,1.0,1.0,0,2,1.0,1.0,0,2,0.5,0.5,0,1,0,0,0,0,0.5,0.5,0,1,0,0,0,0,5473.333333333333,1909.25680712563,2965,7593,2.5,0.5,2,3,1,80,6,0,0,1,0.0,0.0,0.0,0.0,0.0,0.001764,0.0,0.0,-1,106.19086021505376,0,-1,0.0004152416666666667,0.039503
86,0.4,10,2,32,4,0.25,0.4,0.5,0.5,0.5,1,100,10000,7,5,1,4,4,2,0,0,0,11,11.0,0.0,11,11,1,1.0,0.0,1,1,11.0,0.0,11,11,2.0,0.0,2,2,4.0,0.0,4,4,4.0,0.0,4,4,2.0,0.0,2,2,0,0,0,0,0,0,0,0,0,0,0,0,4527.666666666667,2874.9522121632253,463,6643,4.0,0.0,4,4,1,80,6,0,0,1,0.0,0.0,0.0,0.0,0.0,0.001248,0.0,0.0,-1,70.97849462365592,0,-1,0.0003676183333333333,0.026404
87,0.4,10,2,32,4,0.25,0.4,0.4,0.4,0.5,2,100,10000,7,5,1,2,2,1,1,0,0,7,3.5,1.5,2,5,2,0.5,0.5,0,1,14.0,0.0,14,14,3.0,0.0,3,3,1.0,1.0,0,2,1.0,1.0,0,2,0.5,0.5,0,1,0.5,0.5,0,1,0,0,0,0,0,0,0,0,5239.333333333333,3278.1611037626294,2825,9874,2.5,0.5,2,3,1,80,6,0,0,1,0.0,0.0,0.0,0.0,0.0,0.001881,0.0,0.0,-1,74.42204301075269,0,-1,0.00042448000000000003,0.027685
88,0.4,10,2,32,4,0.25,0.4,0.4,0.4,0.5,1,100,10000,7,5,2,2,2,1,0,0,0,7,7.0,0.0,7,7,1,2.0,0.0,2,2,19.0,7.0,12,26,2.5,0.5,2,3,2.0,0.0,2,2,2.0,0.0,2,2,1.0,0.0,1,1,0,0,0,0,0,0,0,0,0,0,0,0,7816.5,2079.5,5737,9896,3.0,0.0,3,3,1,80,6,0,0,1,0.0,0.0,0.0,0.0,0.0,0.0006,0.0,0.0,-1,94.20430107526882,0,-1,0.0004602641666666667,0.035044
89,0.4,10,2,32,4,0,0.5,0.5,0.5,0.5,2,100,10000,7,5,1,4,4,2,0,0,0,11,11.0,0.0,11,11,1,1.0,0.0,1,1,22.0,0.0,22,22,3.0,0.0,3,3,4.0,0.0,4,4,4.0,0.0,4,4,2.0,0.0,2,2,0,0,0,0,0,0,0,0,0,0,0,0,5964.0,1475.5977319942813,4553,8001,4.0,0.0,4,4,1,80,6,0,0,1,0.0,0.0,0.0,0.0,0.0,0.004436,0.0,0.0,-1,142.31182795698925,0,-1,0.0005266258333333333,0.05294
90,0.4,10,2,32,4,0,0.5,0.5,0.5,0.5,1,100,10000,7,5,0,0,0,0,2,3,1,6,6.0,0.0,6,6,1,0,0,0,0,0,0,0,0,0,0,0,0,0,0,0,0,0,0,0,0,0,0,0,0,2.0,0.0,2,2,3.0,0.0,3,3,1.0,0.0,1,1,8073.0,0.0,8073,8073,2.0,0.0,2,2,1,80,6,0,0,1,0.0,0.0,0.0,0.0,0.0,0.000193,0.0,0.0,-1,60.46774193548387,0,-1,0.0001547325,0.022494
91,0.4,10,2,32,4,0,0.5,0.4,0.4,0.5,2,100,10000,7,5,0,0,0,0,4,2,1,7,3.5,0.5,3,4,2,0,0,0,0,0,0,0,0,0,0,0,0,0,0,0,0,0,0,0,0,0,0,0,0,2.0,1.0,1,3,1.0,0.0,1,1,0.5,0.5,0,1,4645.5,3217.5,1428,7863,2.0,0.0,2,2,1,80,6,0,0,1,0.0,0.0,0.0,0.0,0.0,0.000506,0.0,0.0,-1,28.150537634408604,0,-1,0.00022753,0.010472
92,0.4,10,2,32,4,0,0.5,0.4,0.4,0.5,1,100,10000,7,5,0,2,2,1,1,0,1,7,3.5,1.5,2,5,2,0,0,0,0,0,0,0,0,0,0,0,0,1.0,1.0,0,2,1.0,1.0,0,2,0.5,0.5,0,1,0.5,0.5,0,1,0,0,0,0,0.5,0.5,0,1,7044.666666666667,614.1152624349565,6311,7814,2.5,0.5,2,3,1,80,6,0,0,1,0.0,0.0,0.0,0.0,0.0,0.001733,0.0,0.0,-1,59.293010752688176,0,-1,0.000388995,0.022057
93,0.4,10,2,32,4,0,0.4,0.5,0.5,0.5,2,100,10000,7,5,1,0,0,0,1,3,2,7,2.3333333333333335,0.9428090415820634,1,3,3,0.3333333333333333,0.4714045207910317,0,1,24.0,0.0,24,24,3.0,0.0,3,3,0,0,0,0,0,0,0,0,0,0,0,0,0.3333333333333333,0.4714045207910317,0,1,1.0,0.816496580927726,0,2,0.6666666666666666,0.4714045207910317,0,1,2163.0,1551.7996004639258,474,4221,1.6666666666666667,0.4714045207910317,1,2,1,80,6,0,0,1,0.0,0.0,0.0,0.0,0.0,0.000683,0.0,0.0,-1,63.10752688172043,0,-1,6.19375e-05,0.023476
94,0.4,10,2,32,4,0,0.4,0.5,0.5,0.5,1,100,10000,7,5,0,4,4,2,0,0,0,10,10.0,0.0,10,10,1,0,0,0,0,0,0,0,0,0,0,0,0,4.0,0.0,4,4,4.0,0.0,4,4,2.0,0.0,2,2,0,0,0,0,0,0,0,0,0,0,0,0,5668.0,3248.387600025588,2012,9905,4.0,0.0,4,4,1,80,6,0,0,1,0.0,0.0,0.0,0.0,0.0,0.004299,0.0,0.0,-1,95.08064516129032,0,-1,0.0005522766666666666,0.03537
95,0.4,10,2,32,4,0,0.4,0.4,0.4,0.5,2,100,10000,7,5,1,2,2,1,0,0,1,7,7.0,0.0,7,7,1,1.0,0.0,1,1,31.0,0.0,31,31,2.0,0.0,2,2,2.0,0.0,2,2,2.0,0.0,2,2,1.0,0.0,1,1,0,0,0,0,0,0,0,0,1.0,0.0,1,1,6724.5,2550.5,4174,9275,3.0,0.0,3,3,1,80,6,0,0,1,0.0,0.0,0.0,0.0,0.0,0.00052,0.0,0.0,-1,87.56182795698925,0,-1,0.0003818275,0.032573
96,0.4,10,2,32,4,0,0.4,0.4,0.4,0.5,1,100,10000,7,5,0,4,4,2,0,0,0,10,10.0,0.0,10,10,1,0,0,0,0,0,0,0,0,0,0,0,0,4.0,0.0,4,4,4.0,0.0,4,4,2.0,0.0,2,2,0,0,0,0,0,0,0,0,0,0,0,0,7595.333333333333,1204.6577199446415,5921,8705,4.0,0.0,4,4,1,80,6,0,0,1,0.0,0.0,0.0,0.0,0.0,0.002993,0.0,0.0,-1,95.08064516129032,0,-1,0.0007534816666666667,0.03537